1,2016-04-01 14:30,1.0,DOS-ISMM HTTP Abnormal Status DOS,e18=5:e34=2:e55=1:e69=1:e89=2:e92=3:e122=10,24
2,2016-04-01 14:44,1.0,DOS-ISMM HTTP Abnormal Status DOS,e18=5:e55=3:e62=1:e69=2:e89=2:e122=9,22
3,2016-04-01 14:46,1.0,DOS-ISMM HTTP Abnormal Status DOS,e18=7:e55=3:e69=2:e74=1:e89=2:e93=1:e122=4,20
4,2016-04-01 14:47,1.0,DOS-ISMM HTTP Abnormal Status DOS,e18=6:e55=1:e62=1:e74=1:e84=4:e89=4:e92=1:e122=9,27
5,2016-04-01 15:24,1.0,DOS-ISMM HTTP Abnormal Status DOS,e18=1:e34=1:e55=3:e60=1:e69=2:e89=1:e92=2:e122=6,17
6,2016-04-01 15:55,1.0,DOS-ISMM HTTP Abnormal Status DOS,e18=3:e26=3:e55=3:e89=2:e92=2:e122=9,22
7,2016-04-01 15:56,1.0,DOS-ISMM HTTP Abnormal Status DOS,e18=1:e29=1:e34=1:e54=1:e62=1:e89=1:e122=4,10
8,2016-04-01 15:59,1.0,DOS-ISMM HTTP Abnormal Status DOS,e18=3:e32=1:e55=1:e62=1:e84=2:e89=1:e122=7,16
9,2016-04-01 16:27,1.0,DOS-ISMM HTTP Abnormal Status DOS,e18=1:e55=2:e84=1:e89=2:e92=1:e122=3,10
10,2016-04-01 16:44,1.0,DOS-ISMM HTTP Abnormal Status DOS,e18=1:e62=1:e69=1:e89=1:e122=4,8
11,2016-04-01 16:53,1.0,DOS-ISMM HTTP Abnormal Status DOS,e18=4:e32=1:e55=3:e62=1:e84=1:e89=1:e103=1:e115=2:e118=1:e122=3,18
12,2016-04-01 17:55,1.0,DOS-ISMM HTTP Abnormal Status DOS,e18=3:e32=1:e55=1:e89=1:e122=4,10
13,2016-04-04 13:29,1.0,DOS-ISMM HTTP Abnormal Status DOS,e2=1:e11=1:e18=4:e55=3:e62=1:e89=5:e122=11,26
14,2016-04-04 14:38,1.0,DOS-ISMM HTTP Abnormal Status DOS,e18=5:e34=1:e55=1:e62=1:e84=1:e89=5:e92=2:e115=2:e122=11,29
15,2016-04-04 14:40,1.0,DOS-ISMM HTTP Abnormal Status DOS,e18=2:e28=1:e69=1:e84=1:e89=3:e92=1:e93=1:e122=7,17
16,2016-04-04 14:41,1.0,DOS-ISMM HTTP Abnormal Status DOS,e2=1:e18=6:e28=1:e55=1:e62=1:e74=1:e84=1:e89=2:e92=1:e93=1:e122=15,31
17,2016-04-04 15:38,1.0,DOS-ISMM HTTP Abnormal Status DOS,e18=4:e55=1:e62=1:e89=7:e92=1:e115=2:e122=10,26
18,2016-04-04 16:32,1.0,DOS-ISMM HTTP Abnormal Status DOS,e18=3:e55=2:e62=1:e65=1:e89=2:e122=7,16
19,2016-04-04 16:37,1.0,DOS-ISMM HTTP Abnormal Status DOS,e18=5:e55=1:e122=10,16
20,2016-04-04 16:38,1.0,DOS-ISMM HTTP Abnormal Status DOS,e18=1:e55=1:e62=1:e65=1:e84=1:e89=1:e122=8,14
21,2016-04-04 16:57,1.0,DOS-ISMM HTTP Abnormal Status DOS,e18=2:e55=2:e69=1:e89=1:e92=1:e122=4,11
22,2016-04-04 17:24,1.0,DOS-ISMM HTTP Abnormal Status DOS,e18=7:e55=2:e69=1:e89=3:e115=1:e122=5,19
23,2016-04-04 17:29,1.0,DOS-ISMM HTTP Abnormal Status DOS,e18=4:e32=1:e55=2:e62=1:e89=3:e122=6,17
24,2016-04-04 17:32,1.0,DOS-ISMM HTTP Abnormal Status DOS,e18=1:e55=2:e62=1:e69=2:e89=2:e122=4,12
25,2016-04-04 17:58,1.0,DOS-ISMM HTTP Abnormal Status DOS,e18=5:e55=3:e89=1:e122=11,20
26,2016-04-04 18:18,1.0,DOS-ISMM HTTP Abnormal Status DOS,e18=7:e69=1:e89=2:e90=1:e122=12,23
27,2016-04-04 18:26,1.0,DOS-ISMM HTTP Abnormal Status DOS,e32=1:e55=1:e62=1:e89=2:e90=1:e122=11,17
28,2016-04-04 18:39,1.0,DOS-ISMM HTTP Abnormal Status DOS,e18=4:e55=1:e69=1:e74=1:e89=4:e90=2:e92=1:e122=5,19
29,2016-04-04 18:48,1.0,DOS-ISMM HTTP Abnormal Status DOS,e18=4:e55=2:e89=1:e122=6,13
30,2016-04-04 19:48,1.0,DOS-ISMM HTTP Abnormal Status DOS,e18=2:e55=1:e69=1:e89=1:e122=6,11
31,2016-04-04 20:24,1.0,DOS-ISMM HTTP Abnormal Status DOS,e32=1:e55=2:e69=1:e92=1:e122=9,14
32,2016-04-04 20:24,1.0,DOS-ISMM HTTP Abnormal Status DOS,e32=1:e55=2:e69=1:e92=1:e122=9,14
33,2016-04-04 20:34,1.0,DOS-ISMM HTTP Abnormal Status DOS,e18=2:e69=1:e89=3:e122=4,10
34,2016-04-04 20:48,1.0,DOS-ISMM HTTP Abnormal Status DOS,e62=1:e122=8,9
35,2016-04-04 20:59,1.0,DOS-ISMM HTTP Abnormal Status DOS,e55=2:e84=4:e122=1,7
36,2016-04-04 21:00,1.0,DOS-ISMM HTTP Abnormal Status DOS,e55=1:e62=1:e69=3:e84=1:e122=2,8
37,2016-04-04 21:08,1.0,DOS-ISMM HTTP Abnormal Status DOS,e69=1:e89=1:e122=4,6
38,2016-04-04 21:42,1.0,DOS-ISMM HTTP Abnormal Status DOS,e32=1:e62=1:e69=1,3
39,2016-04-04 21:54,1.0,DOS-ISMM HTTP Abnormal Status DOS,e62=1:e122=2,3
40,2016-04-04 22:16,1.0,DOS-ISMM HTTP Abnormal Status DOS,e55=2:e69=1:e89=1:e122=2,6
41,2016-04-05 13:56,1.0,DOS-ISMM HTTP Abnormal Status DOS,e18=2:e55=6:e84=1:e89=7:e92=1:e122=12,29
42,2016-04-05 14:34,1.0,DOS-ISMM HTTP Abnormal Status DOS,e16=1:e18=7:e54=1:e55=6:e62=1:e69=1:e84=1:e89=6:e122=16,40
43,2016-04-05 16:34,1.0,DOS-ISMM HTTP Abnormal Status DOS,e18=2:e55=3:e84=1:e89=2:e122=7,15
44,2016-04-05 17:27,1.0,DOS-ISMM HTTP Abnormal Status DOS,e18=2:e32=1:e55=2:e62=1:e69=1:e122=3,10
45,2016-04-05 18:23,1.0,DOS-ISMM HTTP Abnormal Status DOS,e18=1:e32=1:e55=6:e69=1:e84=1:e89=9:e122=4,23
46,2016-04-05 18:26,1.0,DOS-ISMM HTTP Abnormal Status DOS,e18=2:e55=1:e84=1:e89=3:e92=1:e122=7,15
47,2016-04-05 21:42,1.0,DOS-ISMM HTTP Abnormal Status DOS,e55=1:e62=1:e69=1:e122=1,4
48,2016-04-05 22:25,1.0,DOS-ISMM HTTP Abnormal Status DOS,e32=1:e84=1:e122=2,4
49,2016-04-06 13:10,1.0,DOS-ISMM HTTP Abnormal Status DOS,e18=1:e55=4:e74=1:e89=1:e92=1:e122=10,18
50,2016-04-06 13:37,1.0,DOS-ISMM HTTP Abnormal Status DOS,e18=2:e55=1:e75=1:e89=6:e122=4,14
51,2016-04-06 13:54,1.0,DOS-ISMM HTTP Abnormal Status DOS,e2=1:e18=8:e55=7:e65=1:e89=5:e92=1:e122=3,26
52,2016-04-06 14:17,1.0,DOS-ISMM HTTP Abnormal Status DOS,e16=1:e18=3:e55=3:e62=1:e69=1:e75=1:e89=4:e92=1:e122=12,27
53,2016-04-06 14:20,1.0,DOS-ISMM HTTP Abnormal Status DOS,e18=5:e32=1:e55=2:e62=1:e69=2:e75=1:e89=3:e122=9,24
54,2016-04-06 14:41,1.0,DOS-ISMM HTTP Abnormal Status DOS,e18=6:e34=1:e55=4:e62=1:e89=8:e122=9,29
55,2016-04-06 14:47,1.0,DOS-ISMM HTTP Abnormal Status DOS,e18=1:e55=4:e62=1:e89=1:e92=1:e122=7,15
56,2016-04-06 14:50,1.0,DOS-ISMM HTTP Abnormal Status DOS,e18=3:e55=4:e62=1:e74=1:e75=1:e89=7:e115=1:e122=8,26
57,2016-04-06 14:51,1.0,DOS-ISMM HTTP Abnormal Status DOS,e18=2:e55=1:e69=2:e89=5:e122=5,15
58,2016-04-06 14:54,1.0,DOS-ISMM HTTP Abnormal Status DOS,e18=2:e28=1:e32=1:e55=4:e89=5:e122=6,19
59,2016-04-06 14:55,1.0,DOS-ISMM HTTP Abnormal Status DOS,e11=1:e18=1:e34=1:e55=4:e69=1:e84=4:e89=5:e115=1:e122=4,22
60,2016-04-06 15:24,1.0,DOS-ISMM HTTP Abnormal Status DOS,e18=3:e32=1:e55=2:e89=4:e122=13,23
61,2016-04-06 15:27,1.0,DOS-ISMM HTTP Abnormal Status DOS,e18=4:e55=3:e65=1:e84=4:e89=3:e115=1:e122=10,26
62,2016-04-06 15:30,1.0,DOS-ISMM HTTP Abnormal Status DOS,e18=4:e55=1:e75=1:e89=3:e122=10,19
63,2016-04-06 15:32,1.0,DOS-ISMM HTTP Abnormal Status DOS,e18=2:e55=3:e62=1:e122=7,13
64,2016-04-06 15:33,1.0,DOS-ISMM HTTP Abnormal Status DOS,e18=3:e55=3:e89=6:e91=1:e122=4,17
65,2016-04-06 16:25,1.0,DOS-ISMM HTTP Abnormal Status DOS,e18=1:e55=1:e75=1:e89=2:e122=7,12
66,2016-04-06 16:32,1.0,DOS-ISMM HTTP Abnormal Status DOS,e18=1:e55=4:e62=1:e89=2:e92=1:e122=4,13
67,2016-04-06 17:50,1.0,DOS-ISMM HTTP Abnormal Status DOS,e18=2:e55=3:e62=1:e89=3:e122=6,15
68,2016-04-06 18:39,1.0,DOS-ISMM HTTP Abnormal Status DOS,e32=1:e55=4:e69=1:e84=1:e89=4:e122=4,15
69,2016-04-06 18:39,1.0,DOS-ISMM HTTP Abnormal Status DOS,e32=1:e55=4:e69=1:e84=1:e89=4:e122=4,15
70,2016-04-06 19:52,1.0,DOS-ISMM HTTP Abnormal Status DOS,e18=1:e55=1:e90=1:e122=4,7
71,2016-04-06 19:52,1.0,DOS-ISMM HTTP Abnormal Status DOS,e18=1:e55=1:e90=1:e122=4,7
72,2016-04-06 20:04,1.0,ISMM-1 SNIPER and sleep( (Blind SQL Sleep() Query Injection Vul-3),e18=1:e55=1:e69=2:e84=1:e89=2:e90=2:e122=6,15
73,2016-04-06 20:06,1.0,ISMM-1 SNIPER and sleep( (Blind SQL Sleep() Query Injection Vul-3),e18=2:e55=2:e62=1:e89=6:e90=2:e122=2,15
74,2016-04-06 20:08,1.0,ISMM-1 SNIPER and sleep( (Blind SQL Sleep() Query Injection Vul-3),e18=3:e34=1:e55=3:e89=2:e90=1:e122=3,13
75,2016-04-06 20:10,1.0,ISMM-1 SNIPER and sleep( (Blind SQL Sleep() Query Injection Vul-3),e18=1:e34=1:e90=2:e122=3,7
76,2016-04-06 20:12,1.0,ISMM-1 SNIPER and sleep( (Blind SQL Sleep() Query Injection Vul-3),e3=1:e15=1:e32=1:e55=4:e62=1:e89=3:e90=2:e122=1,14
77,2016-04-06 20:18,1.0,ISMM-1 SNIPER and sleep( (Blind SQL Sleep() Query Injection Vul-3),e18=1:e55=1:e60=1:e62=1:e89=1:e122=1,6
78,2016-04-06 20:57,1.0,ISMM-1 SNIPER and sleep( (Blind SQL Sleep() Query Injection Vul-3),e3=1:e62=1:e122=3,5
79,2016-04-06 21:05,1.0,ISMM-1 SNIPER and sleep( (Blind SQL Sleep() Query Injection Vul-3),e18=1:e89=1:e122=2,4
80,2016-04-06 21:12,1.0,ISMM-1 SNIPER and sleep( (Blind SQL Sleep() Query Injection Vul-3),e3=1:e55=2:e62=1:e89=3:e122=6,13
81,2016-04-06 21:38,1.0,DOS-ISMM HTTP Abnormal Status DOS,e89=1:e122=1,2
82,2016-04-06 21:39,1.0,DOS-ISMM HTTP Abnormal Status DOS,e62=1:e89=1,2
83,2016-04-07 03:24,1.0,ISMM-1 SNIPER SQL Query Injection Vulnerability(;DECLARE%20@) Sql_Injection,e60=1:e62=1:e84=2:e118=1,5
84,2016-04-07 10:09,1.0,ISMM-1 SNIPER SQL Query Injection Vulnerability(;DECLARE%20@) Sql_Injection,e18=1:e55=3:e62=1:e90=1:e122=3,9
85,2016-04-07 13:25,1.0,DOS-ISMM HTTP Abnormal Status DOS,e18=1:e55=4:e60=1:e69=2:e84=1:e89=5:e122=16,30
86,2016-04-07 14:18,1.0,DOS-ISMM HTTP Abnormal Status DOS,e18=1:e34=1:e55=9:e62=1:e69=2:e84=1:e89=5:e91=2:e115=2:e122=13,37
87,2016-04-07 14:21,1.0,DOS-ISMM HTTP Abnormal Status DOS,e18=7:e55=11:e62=1:e66=1:e89=6:e91=1:e92=1:e115=1:e122=15,44
88,2016-04-07 14:25,1.0,DOS-ISMM HTTP Abnormal Status DOS,e18=2:e29=1:e55=3:e66=2:e84=1:e89=2:e122=10,21
89,2016-04-07 14:51,1.0,DOS-ISMM HTTP Abnormal Status DOS,e18=4:e55=2:e62=1:e84=1:e89=6:e92=1:e122=10,25
90,2016-04-07 15:26,1.0,DOS-ISMM HTTP Abnormal Status DOS,e18=6:e34=1:e55=1:e66=1:e84=1:e89=2:e122=9,21
91,2016-04-07 15:27,1.0,DOS-ISMM HTTP Abnormal Status DOS,e18=8:e55=4:e62=2:e66=1:e89=7:e92=1:e122=10,33
92,2016-04-07 16:48,1.0,DOS-ISMM HTTP Abnormal Status DOS,e18=1:e55=1:e62=1:e66=1:e84=1:e89=2:e92=1:e122=4,12
93,2016-04-07 16:54,1.0,DOS-ISMM HTTP Abnormal Status DOS,e18=2:e55=2:e62=1:e84=1:e89=3:e105=1:e115=1:e122=8,19
94,2016-04-07 17:00,1.0,DOS-ISMM HTTP Abnormal Status DOS,e2=1:e18=3:e62=1:e89=2:e122=6,13
95,2016-04-07 17:18,1.0,DOS-ISMM HTTP Abnormal Status DOS,e18=3:e55=3:e62=1:e84=1:e122=9,17
96,2016-04-07 17:20,1.0,DOS-ISMM HTTP Abnormal Status DOS,e32=2:e55=3:e84=1:e89=3:e92=1:e122=4,14
97,2016-04-07 17:28,1.0,DOS-ISMM HTTP Abnormal Status DOS,e34=1:e55=1:e84=1:e89=1:e122=3,7
98,2016-04-07 17:56,1.0,DOS-ISMM HTTP Abnormal Status DOS,e18=2:e74=1:e84=1:e89=4:e122=3,11
99,2016-04-07 18:26,1.0,DOS-ISMM HTTP Abnormal Status DOS,e18=2:e32=1:e55=5:e84=1:e89=5:e122=6,20
100,2016-04-07 19:28,1.0,DOS-ISMM HTTP Abnormal Status DOS,e18=1:e55=3:e69=1:e74=1:e89=3:e122=2,11
101,2016-04-07 21:13,1.0,DOS-ISMM HTTP Abnormal Status DOS,e84=3:e89=3:e122=2,8
102,2016-04-07 21:16,1.0,DOS-ISMM HTTP Abnormal Status DOS,e122=5,5
103,2016-04-08 01:10,1.0,ISMM-1 SNIPER JBoss EAP jmx authentication bypass.B,e30=1:e69=1:e84=1,3
104,2016-04-08 13:40,1.0,DOS-ISMM HTTP Abnormal Status DOS,e18=4:e55=4:e65=1:e84=1:e89=6:e91=2:e115=3:e122=14,35
105,2016-04-08 15:50,1.0,DOS-ISMM HTTP Abnormal Status DOS,e18=6:e34=1:e55=1:e62=1:e66=1:e89=1:e92=2:e105=1:e122=6,20
106,2016-04-08 16:43,1.0,DOS-ISMM HTTP Abnormal Status DOS,e18=4:e32=1:e55=1:e69=1:e84=1:e89=2,10
107,2016-04-08 16:53,1.0,DOS-ISMM HTTP Abnormal Status DOS,e18=3:e34=1:e55=1:e62=1:e66=1:e84=1:e89=1:e122=3,12
108,2016-04-08 17:19,1.0,DOS-ISMM HTTP Abnormal Status DOS,e18=3:e55=3:e89=1:e122=6,13
109,2016-04-08 17:21,1.0,DOS-ISMM HTTP Abnormal Status DOS,e55=1:e66=1:e84=1:e122=4,7
110,2016-04-08 17:30,1.0,DOS-ISMM HTTP Abnormal Status DOS,e18=4:e66=1:e84=1:e89=2:e122=3,11
111,2016-04-08 17:34,1.0,DOS-ISMM HTTP Abnormal Status DOS,e18=1:e55=2:e66=1:e84=1:e89=2:e122=5,12
112,2016-04-08 19:13,1.0,DOS-ISMM HTTP Abnormal Status DOS,e18=1:e34=1:e84=1:e89=1:e122=8,12
113,2016-04-09 11:00,1.0,ISMM-1 SNIPER SQL Query Injection Vulnerability(;DECLARE%20@) Sql_Injection,e69=1:e84=1:e89=1:e90=1,4
114,2016-04-11 13:42,1.0,DOS-ISMM HTTP Abnormal Status DOS,e18=11:e55=3:e62=1:e84=1:e89=7:e115=1:e122=10,34
115,2016-04-11 13:43,1.0,DOS-ISMM HTTP Abnormal Status DOS,e18=3:e32=1:e55=3:e69=1:e89=5:e92=1:e122=13,27
116,2016-04-11 14:47,1.0,DOS-ISMM HTTP Abnormal Status DOS,e18=3:e32=1:e55=2:e69=1:e84=1:e89=3:e122=9,20
117,2016-04-11 14:50,1.0,DOS-ISMM HTTP Abnormal Status DOS,e2=1:e55=6:e84=1:e89=3:e122=4,15
118,2016-04-11 15:04,1.0,DOS-ISMM HTTP Abnormal Status DOS,e18=2:e55=1:e84=2:e89=5:e92=2:e122=7,19
119,2016-04-11 15:18,1.0,DOS-ISMM HTTP Abnormal Status DOS,e18=1:e55=2:e69=2:e84=1:e89=6:e115=1:e122=10,23
120,2016-04-11 15:19,1.0,DOS-ISMM HTTP Abnormal Status DOS,e18=2:e55=2:e69=2:e84=1:e89=6:e122=7,20
121,2016-04-11 15:26,1.0,DOS-ISMM HTTP Abnormal Status DOS,e2=1:e18=4:e32=1:e55=4:e84=1:e89=3:e91=1:e122=10,25
122,2016-04-11 15:44,1.0,DOS-ISMM HTTP Abnormal Status DOS,e18=2:e55=1:e69=1:e84=1:e89=3:e122=6,14
123,2016-04-11 15:48,1.0,DOS-ISMM HTTP Abnormal Status DOS,e18=3:e34=1:e62=1:e84=1:e89=3:e92=1:e105=1:e115=1:e122=10,22
124,2016-04-11 16:31,1.0,DOS-ISMM HTTP Abnormal Status DOS,e18=4:e28=1:e34=1:e65=1:e84=1:e89=2:e92=1:e122=9,20
125,2016-04-11 16:36,1.0,DOS-ISMM HTTP Abnormal Status DOS,e18=5:e55=3:e122=6,14
126,2016-04-11 16:37,1.0,DOS-ISMM HTTP Abnormal Status DOS,e18=1:e28=2:e32=1:e55=2:e62=1:e65=1:e84=1:e89=1:e115=1:e122=5,16
127,2016-04-11 16:40,1.0,DOS-ISMM HTTP Abnormal Status DOS,e18=1:e84=2:e89=2:e122=1,6
128,2016-04-11 16:46,1.0,DOS-ISMM HTTP Abnormal Status DOS,e2=1:e18=4:e32=1:e55=2:e62=1:e84=1:e89=2:e92=1:e122=2,15
129,2016-04-11 16:47,1.0,DOS-ISMM HTTP Abnormal Status DOS,e18=3:e55=1:e84=1:e89=1:e122=3,9
130,2016-04-11 16:59,1.0,DOS-ISMM HTTP Abnormal Status DOS,e18=4:e55=2:e74=1:e84=1:e89=1:e122=4,13
131,2016-04-11 17:02,1.0,DOS-ISMM HTTP Abnormal Status DOS,e18=2:e34=1:e55=2:e69=1:e84=1:e122=4,11
132,2016-04-11 17:03,1.0,DOS-ISMM HTTP Abnormal Status DOS,e18=2:e34=1:e69=1:e74=1:e84=1:e89=1:e92=1:e122=7,15
133,2016-04-11 17:46,1.0,DOS-ISMM HTTP Abnormal Status DOS,e55=3:e89=2:e122=11,16
134,2016-04-11 17:51,1.0,DOS-ISMM HTTP Abnormal Status DOS,e18=1:e32=2:e55=1:e84=1:e89=6:e122=6,17
135,2016-04-11 17:53,1.0,DOS-ISMM HTTP Abnormal Status DOS,e18=2:e55=4:e69=1:e89=3:e122=6,16
136,2016-04-11 17:55,1.0,DOS-ISMM HTTP Abnormal Status DOS,e18=1:e32=1:e55=1:e84=1:e89=5:e122=5,14
137,2016-04-11 17:59,1.0,DOS-ISMM HTTP Abnormal Status DOS,e18=3:e34=2:e55=3:e74=1:e84=1:e122=8,18
138,2016-04-11 18:33,1.0,DOS-ISMM HTTP Abnormal Status DOS,e18=2:e55=3:e74=1:e84=2:e89=3:e122=8,19
139,2016-04-11 18:45,1.0,DOS-ISMM HTTP Abnormal Status DOS,e18=1:e55=3:e69=1:e84=2:e89=2:e122=7,16
140,2016-04-11 19:30,1.0,DOS-ISMM HTTP Abnormal Status DOS,e55=1:e69=1:e84=2:e89=3:e122=8,15
141,2016-04-11 20:52,1.0,DOS-ISMM HTTP Abnormal Status DOS,e55=2:e84=1:e89=1:e122=3,7
142,2016-04-11 20:53,1.0,DOS-ISMM HTTP Abnormal Status DOS,e55=3:e84=2:e89=1:e122=2,8
143,2016-04-11 21:33,1.0,DOS-ISMM HTTP Abnormal Status DOS,e84=2:e122=2,4
144,2016-04-11 21:34,1.0,DOS-ISMM HTTP Abnormal Status DOS,e62=1:e84=1,2
145,2016-04-12 13:29,1.0,ISMM-1 SNIPER SQL Query Injection Vulnerability APP_VULNERABILITY,e18=1:e26=2:e34=1:e55=2:e62=1:e74=1:e89=3:e115=1:e122=14,26
146,2016-04-12 14:16,1.0,DOS-ISMM HTTP Abnormal Status DOS,e16=1:e18=3:e26=1:e30=1:e32=2:e55=1:e65=2:e84=2:e89=5:e122=8,26
147,2016-04-12 14:17,1.0,DOS-ISMM HTTP Abnormal Status DOS,e18=1:e55=1:e56=1:e62=1:e65=1:e84=1:e89=1:e122=7,14
148,2016-04-12 14:41,1.0,DOS-ISMM HTTP Abnormal Status DOS,e18=4:e55=1:e62=1:e65=1:e75=1:e84=2:e89=2:e115=3:e122=8,23
149,2016-04-12 15:01,1.0,DOS-ISMM HTTP Abnormal Status DOS,e18=4:e26=1:e34=1:e69=1:e75=1:e84=1:e89=6:e122=5,20
150,2016-04-12 15:22,1.0,DOS-ISMM HTTP Abnormal Status DOS,e18=7:e28=1:e32=1:e55=3:e65=1:e84=2:e89=2:e92=2:e122=10,29
151,2016-04-12 15:34,1.0,DOS-ISMM HTTP Abnormal Status DOS,e18=4:e55=2:e60=1:e65=1:e84=2:e89=3:e122=9,22
152,2016-04-12 15:39,1.0,DOS-ISMM HTTP Abnormal Status DOS,e18=3:e55=3:e65=1:e84=2:e89=3:e122=7,19
153,2016-04-12 16:31,1.0,DOS-ISMM HTTP Abnormal Status DOS,e18=1:e55=4:e65=1:e84=2:e89=3:e115=1:e122=3,15
154,2016-04-12 16:41,1.0,DOS-ISMM HTTP Abnormal Status DOS,e18=5:e62=1:e75=2:e84=1,9
155,2016-04-12 16:52,1.0,DOS-ISMM HTTP Abnormal Status DOS,e18=4:e26=1:e34=1:e55=1:e75=1:e84=2:e89=2:e122=2,14
156,2016-04-12 17:05,1.0,DOS-ISMM HTTP Abnormal Status DOS,e18=6:e62=1:e84=2:e89=2:e122=1,12
157,2016-04-12 18:04,1.0,DOS-ISMM HTTP Abnormal Status DOS,e55=1:e69=3:e84=2:e86=1:e89=3:e122=3,13
158,2016-04-12 18:26,1.0,DOS-ISMM HTTP Abnormal Status DOS,e18=1:e62=1:e75=1:e84=1:e89=1:e122=6,11
159,2016-04-13 06:09,1.0,ISMM-1 SNIPER SQL Query Injection Vulnerability(;DECLARE%20@) Sql_Injection,e34=1:e84=1:e90=3,5
160,2016-04-13 20:04,1.0,DOS-ISMM HTTP Abnormal Status DOS,e69=1:e84=1:e89=1:e122=3,6
161,2016-04-14 00:37,1.0,ISMM-1 SNIPER Directory Traversal Attack(/../../../) Directory_Traversal,e84=2:e90=1:e94=1,4
162,2016-04-14 13:47,1.0,DOS-ISMM HTTP Abnormal Status DOS,e18=2:e55=3:e65=2:e66=1:e89=7:e92=2:e122=9,26
163,2016-04-14 14:02,1.0,DOS-ISMM HTTP Abnormal Status DOS,e18=1:e26=1:e34=1:e55=1:e56=1:e65=2:e89=7:e122=8,22
164,2016-04-14 14:26,1.0,DOS-ISMM HTTP Abnormal Status DOS,e18=1:e55=7:e65=1:e69=2:e89=6:e92=1:e122=13,31
165,2016-04-14 14:32,1.0,DOS-ISMM HTTP Abnormal Status DOS,e18=2:e32=1:e34=1:e55=7:e65=2:e69=1:e84=1:e89=4:e92=1:e122=15,35
166,2016-04-14 14:48,1.0,DOS-ISMM HTTP Abnormal Status DOS,e2=1:e18=1:e55=2:e66=2:e74=1:e89=7:e93=1:e122=6,21
167,2016-04-14 15:43,1.0,DOS-ISMM HTTP Abnormal Status DOS,e11=1:e18=9:e55=3:e62=1:e69=2:e74=1:e84=1:e89=4:e92=1:e93=1:e122=14,38
168,2016-04-14 15:46,1.0,DOS-ISMM HTTP Abnormal Status DOS,e55=2:e89=6:e91=1:e93=1:e122=5,15
169,2016-04-14 15:54,1.0,DOS-ISMM HTTP Abnormal Status DOS,e18=2:e55=3:e89=4:e92=1:e93=1:e115=1:e122=4,16
170,2016-04-14 16:02,1.0,DOS-ISMM HTTP Abnormal Status DOS,e18=4:e28=1:e69=1:e89=3:e93=1:e122=8,18
171,2016-04-14 17:34,1.0,DOS-ISMM HTTP Abnormal Status DOS,e18=1:e93=1:e122=5,7
172,2016-04-14 17:40,1.0,DOS-ISMM HTTP Abnormal Status DOS,e55=2:e84=1:e89=2:e122=3,8
173,2016-04-14 17:44,1.0,DOS-ISMM HTTP Abnormal Status DOS,e18=3:e32=1:e55=1:e69=1:e89=2:e122=5,13
174,2016-04-14 17:51,1.0,DOS-ISMM HTTP Abnormal Status DOS,e55=1:e89=4:e122=4,9
175,2016-04-14 17:56,1.0,DOS-ISMM HTTP Abnormal Status DOS,e18=1:e28=1:e32=1:e69=1:e92=1:e122=7,12
176,2016-04-14 18:05,1.0,DOS-ISMM HTTP Abnormal Status DOS,e18=4:e32=1:e89=3:e122=4,12
177,2016-04-14 19:49,1.0,DOS-ISMM HTTP Abnormal Status DOS,e18=1:e69=1:e89=2:e122=5,9
178,2016-04-14 21:30,1.0,DOS-ISMM HTTP Abnormal Status DOS,e55=2:e122=1,3
179,2016-04-14 22:04,1.0,ISMM-1 SNIPER SQL Query Injection Vulnerability(;DECLARE%20@) Sql_Injection,e10=1:e55=1:e90=3:e122=2,7
180,2016-04-14 22:04,1.0,ISMM-1 SNIPER SQL Query Injection Vulnerability(;DECLARE%20@) Sql_Injection,e10=1:e55=1:e90=3:e122=2,7
181,2016-04-14 22:21,1.0,ISMM-1 SNIPER SQL Query Injection Vulnerability(;DECLARE%20@) Sql_Injection,e34=1:e62=1:e90=1,3
182,2016-04-15 08:18,1.0,ISMM-1 SNIPER Joomla HTTP Header Remote Code Execution,e76=1:e111=2:e122=2,5
183,2016-04-15 13:34,1.0,DOS-ISMM HTTP Abnormal Status DOS,e18=6:e55=2:e75=1:e89=6:e115=1:e122=7,23
184,2016-04-16 02:34,1.0,ISMM-1 SNIPER SQL Query Injection Vulnerability(;DECLARE%20@) Sql_Injection,e90=1,1
185,2016-04-16 07:29,1.0,ISMM-1 SNIPER SQL Query Injection Vulnerability(;DECLARE%20@) Sql_Injection,e18=1:e55=1:e69=1:e90=1:e111=1:e122=1,6
186,2016-04-16 08:00,1.0,ISMM-1 SNIPER SQL Query Injection Vulnerability(;DECLARE%20@) Sql_Injection,e18=1:e55=1:e62=1:e69=1:e89=1:e90=1:e122=3,9
187,2016-04-16 10:36,1.0,ISMM-1 SNIPER javascript: Cross_Site_Scripting,e18=2:e62=1:e69=3,6
188,2016-04-16 17:17,1.0,ISMM-1 SNIPER union all select (SQL Query Injection Vulnerability(union all select)) WEB_APP_VULNERABILITY,e102=1:e122=1,2
189,2016-04-16 17:20,1.0,ISMM-1 SNIPER union+all+select (SQL Query Injection Vulnerability(union+all+select)) WEB_APP_VULNERABILITY,e102=1:e122=1,2
190,2016-04-17 20:55,1.0,DOS-ISMM HTTP Abnormal Status DOS,e55=2:e62=1:e69=1:e122=2,6
191,2016-04-17 21:50,1.0,DOS-ISMM HTTP Abnormal Status DOS,e18=2:e55=1:e69=2:e122=2,7
192,2016-04-18 13:26,1.0,DOS-ISMM HTTP Abnormal Status DOS,e18=2:e26=2:e55=7:e69=2:e84=1:e89=2:e92=1:e115=1:e122=14,32
193,2016-04-18 13:32,1.0,DOS-ISMM HTTP Abnormal Status DOS,e18=2:e26=1:e55=3:e65=1:e75=1:e89=2:e92=2:e122=5,17
194,2016-04-18 14:54,1.0,DOS-ISMM HTTP Abnormal Status DOS,e18=3:e26=1:e65=1:e69=1:e89=1:e92=1:e105=1:e122=7,16
195,2016-04-18 15:37,1.0,DOS-ISMM HTTP Abnormal Status DOS,e18=3:e55=2:e62=1:e69=2:e75=2:e89=2:e122=4,16
196,2016-04-18 15:43,1.0,DOS-ISMM HTTP Abnormal Status DOS,e18=2:e60=1:e62=1:e75=2:e89=4:e92=1:e122=5,16
197,2016-04-18 15:52,1.0,DOS-ISMM HTTP Abnormal Status DOS,e16=1:e18=2:e28=1:e55=2:e60=1:e62=1:e89=1:e122=12,21
198,2016-04-18 15:59,1.0,DOS-ISMM HTTP Abnormal Status DOS,e18=1:e55=2:e122=6,9
199,2016-04-18 16:00,1.0,DOS-ISMM HTTP Abnormal Status DOS,e18=4:e32=1:e55=3:e60=1:e84=2:e89=3:e92=2:e122=5,21
200,2016-04-18 16:02,1.0,DOS-ISMM HTTP Abnormal Status DOS,e18=2:e32=2:e55=3:e89=1:e122=10,18
201,2016-04-18 16:09,1.0,ISMM-2 SNIPER applist.asp WEB_APP_VULNERABILITY,e18=2:e32=2:e55=3:e75=1:e89=2:e122=4,14
202,2016-04-18 16:33,1.0,DOS-ISMM HTTP Abnormal Status DOS,e18=1:e32=1:e49=1:e55=2:e60=1:e69=1:e89=2:e122=2,11
203,2016-04-18 17:29,1.0,DOS-ISMM HTTP Abnormal Status DOS,e18=1:e32=1:e60=1:e89=2:e122=3,8
204,2016-04-18 17:33,1.0,DOS-ISMM HTTP Abnormal Status DOS,e18=1:e69=1:e89=1:e122=2,5
205,2016-04-18 17:36,1.0,DOS-ISMM HTTP Abnormal Status DOS,e18=1:e32=1:e122=7,9
206,2016-04-18 18:26,1.0,DOS-ISMM HTTP Abnormal Status DOS,e18=2:e32=1:e55=1:e89=3:e93=1:e122=9,17
207,2016-04-18 18:59,1.0,DOS-ISMM HTTP Abnormal Status DOS,e18=1:e36=1:e55=4:e122=10,16
208,2016-04-18 20:50,1.0,DOS-ISMM HTTP Abnormal Status DOS,e32=1:e34=1:e89=1:e122=2,5
209,2016-04-19 00:30,1.0,ISMM-1 SNIPER SQL Query Injection Vulnerability(;DECLARE%20@) Sql_Injection,e90=1,1
210,2016-04-19 13:45,1.0,DOS-ISMM HTTP Abnormal Status DOS,e18=3:e26=1:e55=5:e65=1:e89=7:e92=1:e122=10,28
211,2016-04-19 13:59,1.0,DOS-ISMM HTTP Abnormal Status DOS,e18=4:e55=2:e62=1:e65=3:e69=1:e84=1:e89=1:e122=9,22
212,2016-04-19 14:01,1.0,DOS-ISMM HTTP Abnormal Status DOS,e26=1:e34=1:e55=3:e84=1:e89=5:e92=1:e106=1:e122=11,24
213,2016-04-19 17:09,1.0,DOS-ISMM HTTP Abnormal Status DOS,e18=1:e84=1:e89=2:e90=1:e122=4,9
214,2016-04-19 17:09,1.0,DOS-ISMM HTTP Abnormal Status DOS,e18=1:e84=1:e89=2:e90=1:e122=4,9
215,2016-04-19 17:10,1.0,DOS-ISMM HTTP Abnormal Status DOS,e18=3:e122=8,11
216,2016-04-19 17:10,1.0,DOS-ISMM HTTP Abnormal Status DOS,e18=3:e122=8,11
217,2016-04-19 17:11,1.0,DOS-ISMM HTTP Abnormal Status DOS,e18=2:e34=1:e55=2:e69=1:e84=1:e89=1:e122=6,14
218,2016-04-19 17:11,1.0,DOS-ISMM HTTP Abnormal Status DOS,e18=2:e34=1:e55=2:e69=1:e84=1:e89=1:e122=6,14
219,2016-04-19 17:11,1.0,DOS-ISMM HTTP Abnormal Status DOS,e18=2:e34=1:e55=2:e69=1:e84=1:e89=1:e122=6,14
220,2016-04-19 17:11,1.0,DOS-ISMM HTTP Abnormal Status DOS,e18=2:e34=1:e55=2:e69=1:e84=1:e89=1:e122=6,14
221,2016-04-19 17:34,1.0,DOS-ISMM HTTP Abnormal Status DOS,e18=2:e32=1:e55=1:e60=1:e89=5:e122=4,14
222,2016-04-19 17:34,1.0,DOS-ISMM HTTP Abnormal Status DOS,e18=2:e32=1:e55=1:e60=1:e89=5:e122=4,14
223,2016-04-19 17:47,1.0,DOS-ISMM HTTP Abnormal Status DOS,e18=4:e55=2:e60=1:e84=3:e89=4:e122=6,20
224,2016-04-19 17:47,1.0,DOS-ISMM HTTP Abnormal Status DOS,e18=4:e55=2:e60=1:e84=3:e89=4:e122=6,20
225,2016-04-19 17:54,1.0,DOS-ISMM HTTP Abnormal Status DOS,e18=2:e55=1:e60=1:e84=1:e89=1:e122=5,11
226,2016-04-19 17:54,1.0,DOS-ISMM HTTP Abnormal Status DOS,e18=2:e55=1:e60=1:e84=1:e89=1:e122=5,11
227,2016-04-19 17:55,1.0,DOS-ISMM HTTP Abnormal Status DOS,e18=4:e55=3:e60=1:e84=1:e122=5,14
228,2016-04-19 17:55,1.0,DOS-ISMM HTTP Abnormal Status DOS,e18=4:e55=3:e60=1:e84=1:e122=5,14
229,2016-04-19 17:59,1.0,DOS-ISMM HTTP Abnormal Status DOS,e18=2:e55=1:e69=1:e84=1:e90=1:e122=6,12
230,2016-04-19 17:59,1.0,DOS-ISMM HTTP Abnormal Status DOS,e18=2:e55=1:e69=1:e84=1:e90=1:e122=6,12
231,2016-04-19 18:10,1.0,DOS-ISMM HTTP Abnormal Status DOS,e18=4:e32=1:e34=1:e55=3:e69=1:e84=1:e89=4:e122=8,23
232,2016-04-19 18:10,1.0,DOS-ISMM HTTP Abnormal Status DOS,e18=4:e32=1:e34=1:e55=3:e69=1:e84=1:e89=4:e122=8,23
233,2016-04-19 18:35,1.0,DOS-ISMM HTTP Abnormal Status DOS,e18=2:e32=1:e84=1:e89=2:e122=7,13
234,2016-04-19 18:35,1.0,DOS-ISMM HTTP Abnormal Status DOS,e18=2:e32=1:e84=1:e89=2:e122=7,13
235,2016-04-19 18:36,1.0,DOS-ISMM HTTP Abnormal Status DOS,e18=1:e28=1:e32=1:e55=3:e89=1:e93=1:e122=4,12
236,2016-04-19 18:36,1.0,DOS-ISMM HTTP Abnormal Status DOS,e18=1:e28=1:e32=1:e55=3:e89=1:e93=1:e122=4,12
237,2016-04-19 18:42,1.0,DOS-ISMM HTTP Abnormal Status DOS,e18=2:e34=1:e55=1:e60=1:e84=1:e89=2:e122=7,15
238,2016-04-19 18:42,1.0,DOS-ISMM HTTP Abnormal Status DOS,e18=2:e34=1:e55=1:e60=1:e84=1:e89=2:e122=7,15
239,2016-04-19 19:03,1.0,DOS-ISMM HTTP Abnormal Status DOS,e18=2:e55=2:e89=3:e92=1:e122=2,10
240,2016-04-19 19:03,1.0,DOS-ISMM HTTP Abnormal Status DOS,e18=2:e55=2:e89=3:e92=1:e122=2,10
241,2016-04-19 19:23,1.0,DOS-ISMM HTTP Abnormal Status DOS,e18=1:e55=2:e60=1:e89=2:e90=1:e122=4,11
242,2016-04-19 19:28,1.0,DOS-ISMM HTTP Abnormal Status DOS,e18=2:e55=4:e60=1:e62=1:e89=3:e122=6,17
243,2016-04-19 19:33,1.0,DOS-ISMM HTTP Abnormal Status DOS,e18=1:e55=3:e89=1:e122=4,9
244,2016-04-19 20:39,1.0,DOS-ISMM HTTP Abnormal Status DOS,e30=1:e34=1:e69=1:e122=3,6
245,2016-04-19 21:49,1.0,DOS-ISMM HTTP Abnormal Status DOS,e18=1:e62=1:e69=3:e122=3,8
246,2016-04-19 22:08,1.0,DOS-ISMM HTTP Abnormal Status DOS,e30=2:e69=3,5
247,2016-04-20 13:24,1.0,DOS-ISMM HTTP Abnormal Status DOS,e18=1:e32=1:e55=3:e62=1:e65=1:e69=1:e89=6:e122=12,26
248,2016-04-20 13:25,1.0,DOS-ISMM HTTP Abnormal Status DOS,e18=3:e55=3:e89=3:e115=1:e122=11,21
249,2016-04-20 14:51,1.0,DOS-ISMM HTTP Abnormal Status DOS,e34=1:e55=7:e62=1:e69=1:e89=3:e115=1:e122=5,19
250,2016-04-20 14:59,1.0,DOS-ISMM HTTP Abnormal Status DOS,e18=4:e55=6:e89=3:e93=1:e115=1:e122=9,24
251,2016-04-20 15:00,1.0,DOS-ISMM HTTP Abnormal Status DOS,e62=1:e69=1:e74=1:e89=6:e92=1:e115=1:e122=5,16
252,2016-04-20 15:01,1.0,DOS-ISMM HTTP Abnormal Status DOS,e2=1:e18=7:e55=1:e69=2:e89=4:e115=3:e122=11,29
253,2016-04-20 17:11,1.0,DOS-ISMM HTTP Abnormal Status DOS,e18=6:e55=2:e69=1:e89=2:e112=1:e122=6,18
254,2016-04-20 17:38,1.0,ISMM-1 SNIPER SQL Query Injection Vulnerability(;DECLARE%20@) Sql_Injection,e89=1:e90=2:e122=11,14
255,2016-04-20 17:58,1.0,DOS-ISMM HTTP Abnormal Status DOS,e18=1:e55=3:e89=2:e112=1:e122=7,14
256,2016-04-20 18:17,1.0,DOS-ISMM HTTP Abnormal Status DOS,e18=1:e55=1:e69=2:e89=3:e122=10,17
257,2016-04-20 18:20,1.0,DOS-ISMM HTTP Abnormal Status DOS,e18=1:e55=1:e89=3:e120=2:e122=12,19
258,2016-04-20 18:26,1.0,DOS-ISMM HTTP Abnormal Status DOS,e32=2:e55=1:e89=1:e122=8,12
259,2016-04-20 18:39,1.0,DOS-ISMM HTTP Abnormal Status DOS,e32=1:e55=2:e62=1:e89=1:e90=1:e122=14,20
260,2016-04-20 18:39,1.0,ISMM-1 SNIPER SQL Query Injection Vulnerability(;DECLARE%20@) Sql_Injection,e32=1:e55=2:e62=1:e89=1:e90=1:e122=14,20
261,2016-04-20 20:03,1.0,DOS-ISMM HTTP Abnormal Status DOS,e18=2:e55=1:e62=1:e69=2:e89=2:e122=4,12
262,2016-04-20 20:26,1.0,DOS-ISMM HTTP Abnormal Status DOS,e89=1:e122=4,5
263,2016-04-20 20:28,1.0,DOS-ISMM HTTP Abnormal Status DOS,e55=1:e84=3:e122=3,7
264,2016-04-20 20:42,1.0,DOS-ISMM HTTP Abnormal Status DOS,e18=1:e55=4:e62=1:e89=1:e122=3,10
265,2016-04-20 21:52,1.0,DOS-ISMM HTTP Abnormal Status DOS,e34=1,1
266,2016-04-21 12:47,1.0,DOS-ISMM HTTP Abnormal Status DOS,e18=3:e40=1:e55=5:e74=1:e89=1:e122=16,27
267,2016-04-21 14:47,1.0,ISMM-1 SNIPER Server Side Script File Upload(PHP) WebShell_Detect,e18=6:e55=1:e65=2:e69=1:e75=2:e89=1:e122=17,30
268,2016-04-21 15:01,1.0,DOS-ISMM HTTP Abnormal Status DOS,e18=2:e34=1:e55=1:e65=2:e69=1:e84=1:e89=1:e122=9,18
269,2016-04-21 15:41,1.0,DOS-ISMM HTTP Abnormal Status DOS,e18=2:e55=2:e93=1:e115=1:e122=3,9
270,2016-04-21 16:08,1.0,DOS-ISMM HTTP Abnormal Status DOS,e18=5:e55=3:e89=1:e122=7,16
271,2016-04-21 16:51,1.0,DOS-ISMM HTTP Abnormal Status DOS,e16=1:e18=1:e55=1:e62=1:e69=1:e89=2:e122=7,14
272,2016-04-21 18:05,1.0,DOS-ISMM HTTP Abnormal Status DOS,e18=2:e55=1:e60=1:e74=1:e105=1:e122=5,11
273,2016-04-21 18:40,1.0,DOS-ISMM HTTP Abnormal Status DOS,e18=3:e32=1:e55=1:e89=5:e122=3,13
274,2016-04-21 18:56,1.0,DOS-ISMM HTTP Abnormal Status DOS,e18=4:e55=2:e74=1:e89=5:e92=1:e122=6,19
275,2016-04-21 20:45,1.0,DOS-ISMM HTTP Abnormal Status DOS,e55=2:e62=1:e122=2,5
276,2016-04-21 20:55,1.0,DOS-ISMM HTTP Abnormal Status DOS,e18=1:e122=4,5
277,2016-04-21 21:07,1.0,DOS-ISMM HTTP Abnormal Status DOS,e55=1:e69=1:e122=4,6
278,2016-04-21 21:49,1.0,DOS-ISMM HTTP Abnormal Status DOS,e34=1:e55=1:e69=3:e122=1,6
279,2016-04-21 21:57,1.0,DOS-ISMM HTTP Abnormal Status DOS,e34=1:e55=1:e62=1:e69=1,4
280,2016-04-22 12:39,1.0,DOS-ISMM HTTP Abnormal Status DOS,e18=5:e30=1:e34=1:e55=3:e65=1:e89=2:e122=7,20
281,2016-04-22 14:46,1.0,DOS-ISMM HTTP Abnormal Status DOS,e18=4:e55=2:e62=1:e74=1:e89=1:e122=12,21
282,2016-04-22 17:36,1.0,ISMM-1 SNIPER Server Side Script File Upload(PHP) WebShell_Detect,e69=1:e122=4,5
283,2016-04-22 17:36,1.0,ISMM-1 SNIPER Server Side Script File Upload(PHP) WebShell_Detect,e69=1:e122=4,5
284,2016-04-22 17:38,1.0,DOS-ISMM HTTP Abnormal Status DOS,e18=4:e55=2:e89=1:e122=5,12
285,2016-04-22 17:44,1.0,DOS-ISMM HTTP Abnormal Status DOS,e18=4:e89=1:e122=6,11
286,2016-04-22 17:56,1.0,DOS-ISMM HTTP Abnormal Status DOS,e18=3:e56=1:e122=3,7
287,2016-04-22 21:58,1.0,ISMM-1 SNIPER GNU bash Environment Variable Command Injection.C,e19=12:e55=1:e62=1:e75=1:e84=2:e122=2,19
288,2016-04-24 08:38,1.0,ISMM-1 SNIPER SQL Query Injection Vulnerability(;DECLARE%20@) Sql_Injection,e55=1:e69=1:e111=1:e122=2,5
289,2016-04-24 11:47,1.0,ISMM-1 SNIPER SQL Query Injection Vulnerability(;DECLARE%20@) Sql_Injection,e30=2:e69=2:e75=2:e90=1,7
290,2016-04-24 11:51,1.0,DOS-ISMM HTTP Abnormal Status DOS,e30=2:e32=1:e54=1:e75=4:e84=1:e90=3:e122=2,14
291,2016-04-24 19:00,1.0,DOS-ISMM HTTP Abnormal Status DOS,e89=1:e122=2,3
292,2016-04-25 01:13,1.0,ISMM-1 SNIPER SQL Query Injection Vulnerability APP_VULNERABILITY,e64=1:e69=1,2
293,2016-04-25 10:37,1.0,DOS-ISMM HTTP Abnormal Status DOS,e122=6,6
294,2016-04-25 11:35,1.0,DOS-ISMM HTTP Abnormal Status DOS,e18=4:e26=1:e30=1:e62=1:e65=1:e122=8,16
295,2016-04-25 13:47,1.0,DOS-ISMM HTTP Abnormal Status DOS,e18=4:e34=1:e55=1:e69=3:e89=2:e91=2:e122=16,29
296,2016-04-25 13:59,1.0,DOS-ISMM HTTP Abnormal Status DOS,e18=3:e27=1:e55=2:e62=1:e89=4:e92=1:e122=12,24
297,2016-04-25 15:09,1.0,DOS-ISMM HTTP Abnormal Status DOS,e18=4:e55=2:e65=1:e122=11,18
298,2016-04-25 16:14,1.0,DOS-ISMM HTTP Abnormal Status DOS,e18=1:e26=2:e55=3:e69=1:e92=1:e122=5,13
299,2016-04-25 16:31,1.0,DOS-ISMM HTTP Abnormal Status DOS,e18=2:e34=2:e62=1:e69=1:e122=5,11
300,2016-04-25 17:24,1.0,DOS-ISMM HTTP Abnormal Status DOS,e18=2:e55=2:e89=1:e106=1:e122=5,11
301,2016-04-25 18:12,1.0,DOS-ISMM HTTP Abnormal Status DOS,e18=1:e55=1:e62=1:e84=1:e122=12,16
302,2016-04-25 19:46,1.0,DOS-ISMM HTTP Abnormal Status DOS,e89=3:e122=2,5
303,2016-04-25 20:02,1.0,DOS-ISMM HTTP Abnormal Status DOS,e75=1:e122=1,2
304,2016-04-25 20:14,1.0,DOS-ISMM HTTP Abnormal Status DOS,e55=2:e56=1:e89=2:e122=8,13
305,2016-04-25 21:07,1.0,DOS-ISMM HTTP Abnormal Status DOS,e55=2:e62=1:e122=3,6
306,2016-04-25 21:37,1.0,DOS-ISMM HTTP Abnormal Status DOS,e32=1:e62=1:e122=2,4
307,2016-04-26 01:01,1.0,ISMM-1 SNIPER SQL Query Injection Vulnerability(;DECLARE%20@) Sql_Injection,e69=1:e90=1,2
308,2016-04-26 01:55,1.0,ISMM-1 SNIPER SQL Query Injection Vulnerability(;DECLARE%20@) Sql_Injection,e90=1:e122=1,2
309,2016-04-26 04:18,1.0,ISMM-1 SNIPER Directory Traversal Attack(/../../../) Directory_Traversal,e94=1,1
310,2016-04-26 04:47,1.0,ISMM-1 SNIPER SQL Query Injection Vulnerability APP_VULNERABILITY,e45=1:e64=1:e69=1:e122=1,4
311,2016-04-26 10:27,1.0,DOS-ISMM HTTP Abnormal Status DOS,e18=2:e55=1:e69=1:e90=3:e122=2,9
312,2016-04-26 13:56,1.0,ISMM-2 SNIPER applist.asp WEB_APP_VULNERABILITY,e18=3:e32=1:e55=1:e64=1:e89=4:e115=4:e122=14,28
313,2016-04-26 14:41,1.0,DOS-ISMM HTTP Abnormal Status DOS,e18=3:e26=1:e55=2:e65=1:e122=10,17
314,2016-04-26 16:40,1.0,DOS-ISMM HTTP Abnormal Status DOS,e18=2:e55=3:e89=1:e92=1:e122=9,16
315,2016-04-26 16:44,1.0,DOS-ISMM HTTP Abnormal Status DOS,e18=6:e53=1:e55=1:e69=1:e122=2,11
316,2016-04-26 16:48,1.0,DOS-ISMM HTTP Abnormal Status DOS,e18=3:e69=1:e122=6,10
317,2016-04-26 16:48,1.0,DOS-ISMM HTTP Abnormal Status DOS,e18=3:e69=1:e122=6,10
318,2016-04-26 16:50,1.0,DOS-ISMM HTTP Abnormal Status DOS,e69=1:e122=6,7
319,2016-04-26 17:06,1.0,DOS-ISMM HTTP Abnormal Status DOS,e18=2:e122=2,4
320,2016-04-26 17:35,1.0,ISMM-1 SNIPER GNU bash Environment Variable Command Injection.C,e18=2:e32=1:e55=1:e89=2:e122=2,8
321,2016-04-26 17:35,1.0,ISMM-1 SNIPER GNU bash Environment Variable Command Injection.C,e18=2:e32=1:e55=1:e89=2:e122=2,8
322,2016-04-26 17:58,1.0,DOS-ISMM HTTP Abnormal Status DOS,e18=1:e55=4:e89=3:e90=1:e93=1:e122=4,14
323,2016-04-26 18:04,1.0,DOS-ISMM HTTP Abnormal Status DOS,e18=1:e34=1:e55=1:e122=10,13
324,2016-04-26 18:12,1.0,DOS-ISMM HTTP Abnormal Status DOS,e18=1:e32=1:e55=3:e122=9,14
325,2016-04-26 18:41,1.0,DOS-ISMM HTTP Abnormal Status DOS,e18=1:e89=2:e92=1:e122=4,8
326,2016-04-26 20:49,1.0,DOS-ISMM HTTP Abnormal Status DOS,e55=1:e122=4,5
327,2016-04-27 12:27,1.0,ISMM-1 SNIPER SQL Query Injection Vulnerability(;DECLARE%20@) Sql_Injection,e2=1:e18=3:e30=2:e55=1:e89=1:e92=1:e122=11,20
328,2016-04-27 12:34,1.0,ISMM-1 SNIPER SQL Query Injection Vulnerability(;DECLARE%20@) Sql_Injection,e18=3:e30=1:e55=1:e89=2:e90=2:e122=13,22
329,2016-04-27 13:10,1.0,DOS-ISMM HTTP Abnormal Status DOS,e18=1:e55=1:e89=4:e122=16,22
330,2016-04-27 13:13,1.0,DOS-ISMM HTTP Abnormal Status DOS,e18=1:e55=3:e89=2:e92=1:e122=12,19
331,2016-04-27 13:15,1.0,DOS-ISMM HTTP Abnormal Status DOS,e18=3:e55=4:e65=1:e122=15,23
332,2016-04-27 13:28,1.0,DOS-ISMM HTTP Abnormal Status DOS,e18=2:e28=1:e30=1:e55=3:e89=4:e105=1:e115=2:e122=11,25
333,2016-04-27 13:33,1.0,DOS-ISMM HTTP Abnormal Status DOS,e18=3:e89=3:e122=9,15
334,2016-04-27 14:43,1.0,DOS-ISMM HTTP Abnormal Status DOS,e2=1:e18=2:e34=1:e55=1:e69=1:e84=3:e89=1:e122=7,17
335,2016-04-27 14:45,1.0,DOS-ISMM HTTP Abnormal Status DOS,e18=2:e55=6:e69=2:e89=4:e92=2:e122=7,23
336,2016-04-27 14:57,1.0,DOS-ISMM HTTP Abnormal Status DOS,e18=3:e55=2:e69=1:e89=5:e122=9,20
337,2016-04-27 15:00,1.0,DOS-ISMM HTTP Abnormal Status DOS,e18=2:e55=2:e69=2:e71=3:e89=3:e92=1:e122=6,19
338,2016-04-27 15:02,1.0,DOS-ISMM HTTP Abnormal Status DOS,e18=2:e55=4:e122=4,10
339,2016-04-27 15:07,1.0,DOS-ISMM HTTP Abnormal Status DOS,e18=4:e32=1:e55=2:e84=2:e89=7:e92=1:e122=9,26
340,2016-04-27 15:13,1.0,DOS-ISMM HTTP Abnormal Status DOS,e55=2:e69=1:e89=2:e92=1:e122=6,12
341,2016-04-27 15:21,1.0,DOS-ISMM HTTP Abnormal Status DOS,e18=6:e32=1:e55=1:e89=2:e122=6,16
342,2016-04-27 16:44,1.0,DOS-ISMM HTTP Abnormal Status DOS,e18=4:e84=1:e89=2:e122=9,16
343,2016-04-27 17:09,1.0,DOS-ISMM HTTP Abnormal Status DOS,e34=1:e53=1:e55=2:e69=1:e89=1:e122=7,13
344,2016-04-27 17:14,1.0,DOS-ISMM HTTP Abnormal Status DOS,e18=2:e55=1:e92=1:e122=5,9
345,2016-04-27 17:26,1.0,DOS-ISMM HTTP Abnormal Status DOS,e18=1:e55=1:e89=1:e122=4,7
346,2016-04-27 17:27,1.0,DOS-ISMM HTTP Abnormal Status DOS,e18=3:e32=2:e55=1:e122=5,11
347,2016-04-27 17:30,1.0,DOS-ISMM HTTP Abnormal Status DOS,e18=1:e30=32:e34=1:e122=2,36
348,2016-04-27 20:44,1.0,DOS-ISMM HTTP Abnormal Status DOS,e64=1:e84=1:e122=2,4
349,2016-04-27 20:47,1.0,ISMM-1 SNIPER SQL Query Injection Vulnerability APP_VULNERABILITY,e55=1:e64=1:e89=1:e122=1,4
350,2016-04-28 07:54,1.0,ISMM-1 SNIPER DECLARE @ Sql_Injection,e18=1:e26=1:e64=1:e122=3,6
351,2016-04-28 09:42,1.0,ISMM-1 SNIPER SQL Query Injection Vulnerability APP_VULNERABILITY,e18=2:e64=1:e69=2:e122=6,11
352,2016-04-28 13:05,1.0,DOS-ISMM HTTP Abnormal Status DOS,e18=5:e26=1:e32=1:e55=2:e65=1:e89=2:e122=9,21
353,2016-04-28 14:13,1.0,DOS-ISMM HTTP Abnormal Status DOS,e55=2:e65=1:e74=2:e89=2:e92=1:e115=1:e122=7,16
354,2016-04-28 14:35,1.0,DOS-ISMM HTTP Abnormal Status DOS,e18=6:e32=1:e55=3:e65=1:e74=1:e89=2:e92=1:e115=1:e122=6,22
355,2016-04-28 14:36,1.0,DOS-ISMM HTTP Abnormal Status DOS,e18=5:e32=1:e55=2:e65=1:e89=2:e92=1:e118=1:e122=14,27
356,2016-04-28 14:52,1.0,DOS-ISMM HTTP Abnormal Status DOS,e18=2:e55=2:e65=1:e89=3:e122=16,24
357,2016-04-28 15:01,1.0,DOS-ISMM HTTP Abnormal Status DOS,e18=4:e34=1:e55=1:e65=1:e89=2:e115=2:e122=13,24
358,2016-04-28 16:50,1.0,DOS-ISMM HTTP Abnormal Status DOS,e18=3:e30=1:e34=1:e55=3:e84=1:e122=7,16
359,2016-04-28 17:10,1.0,DOS-ISMM HTTP Abnormal Status DOS,e18=4:e30=1:e34=1:e55=3:e69=1:e89=1:e122=7,18
360,2016-04-28 17:17,1.0,DOS-ISMM HTTP Abnormal Status DOS,e18=2:e30=1:e122=7,10
361,2016-04-28 17:38,1.0,DOS-ISMM HTTP Abnormal Status DOS,e18=4:e26=1:e55=2:e69=2:e84=2:e89=1:e122=2,14
362,2016-04-28 18:09,1.0,DOS-ISMM HTTP Abnormal Status DOS,e32=1:e55=2:e89=1:e122=8,12
363,2016-04-28 18:10,1.0,DOS-ISMM HTTP Abnormal Status DOS,e18=1:e55=3:e75=1:e84=1:e89=2:e122=4,12
364,2016-04-28 18:32,1.0,DOS-ISMM HTTP Abnormal Status DOS,e15=1:e18=2:e34=1:e55=2:e75=1:e122=8,15
365,2016-04-28 19:17,1.0,DOS-ISMM HTTP Abnormal Status DOS,e18=2:e122=2,4
366,2016-04-28 20:06,1.0,DOS-ISMM HTTP Abnormal Status DOS,e18=1:e32=2:e55=1:e74=1:e122=1,6
367,2016-04-29 07:47,1.0,ISMM-2 SNIPER applist.asp WEB_APP_VULNERABILITY,e55=2:e65=1:e69=3:e74=1:e89=1:e111=1:e122=7,16
368,2016-04-29 09:42,1.0,DOS-ISMM HTTP Abnormal Status DOS,e55=3:e65=2:e69=3,8
369,2016-04-29 09:47,1.0,DOS-ISMM HTTP Abnormal Status DOS,e69=3:e122=2,5
370,2016-04-29 10:29,1.0,DOS-ISMM HTTP Abnormal Status DOS,e18=3:e69=3:e122=4,10
371,2016-04-29 13:07,1.0,DOS-ISMM HTTP Abnormal Status DOS,e18=3:e55=4:e65=2:e69=1:e74=1:e89=4:e115=1:e122=11,27
372,2016-04-29 14:19,1.0,DOS-ISMM HTTP Abnormal Status DOS,e2=1:e18=6:e60=2:e65=1:e74=1:e91=2:e92=1:e115=3:e122=16,33
373,2016-04-29 15:01,1.0,DOS-ISMM HTTP Abnormal Status DOS,e18=6:e34=1:e55=3:e65=1:e122=13,24
374,2016-04-29 15:43,1.0,DOS-ISMM HTTP Abnormal Status DOS,e18=4:e55=1:e89=2:e92=1:e122=5,13
375,2016-04-29 16:08,1.0,DOS-ISMM HTTP Abnormal Status DOS,e18=4:e34=1:e55=1:e65=2:e74=1:e89=2:e122=1,12
376,2016-04-29 16:46,1.0,DOS-ISMM HTTP Abnormal Status DOS,e18=2:e122=5,7
377,2016-04-29 17:39,1.0,DOS-ISMM HTTP Abnormal Status DOS,e18=3:e55=1:e69=2:e89=1:e122=3,10
378,2016-04-30 06:25,1.0,ISMM-1 SNIPER Joomla HTTP Header Remote Code Execution,e34=1,1
379,2016-04-30 09:21,1.0,ISMM-1 SNIPER Joomla HTTP Header Remote Code Execution,e34=1:e89=1:e122=2,4
380,2016-05-01 13:08,1.0,ISMM-1 SNIPER Server Side Script File Upload(PHP) WebShell_Detect,e34=1:e89=1:e122=3,5
381,2016-05-02 04:47,1.0,ISMM-1 SNIPER SQL Query Injection Vulnerability(;DECLARE%20@) Sql_Injection,e18=1:e34=1:e69=1,3
382,2016-05-02 09:22,1.0,ISMM-1 SNIPER Joomla HTTP Header Remote Code Execution,e18=1:e69=4:e74=1:e76=1:e81=1:e122=4,12
383,2016-05-02 12:56,1.0,ISMM-1 SNIPER SQL Query Injection Vulnerability(;DECLARE%20@) Sql_Injection,e18=7:e30=1:e55=2:e69=1:e89=5:e90=2:e115=2:e122=9,29
384,2016-05-02 13:23,1.0,ISMM-1 SNIPER SQL Query Injection Vulnerability(;DECLARE%20@) Sql_Injection,e18=4:e30=2:e55=5:e69=1:e89=1:e90=1:e122=10,24
385,2016-05-02 13:39,1.0,DOS-ISMM HTTP Abnormal Status DOS,e18=2:e26=3:e55=3:e65=1:e89=2:e90=1:e92=1:e115=1:e122=7,21
386,2016-05-02 13:55,1.0,DOS-ISMM HTTP Abnormal Status DOS,e26=2:e34=1:e55=4:e65=1:e89=5:e90=1:e92=1:e115=1:e122=9,25
387,2016-05-02 14:17,1.0,DOS-ISMM HTTP Abnormal Status DOS,e18=3:e32=1:e55=1:e65=1:e69=1:e89=4:e115=1:e122=11,23
388,2016-05-02 14:18,1.0,DOS-ISMM HTTP Abnormal Status DOS,e16=1:e18=4:e26=1:e34=2:e55=2:e74=1:e89=3:e90=1:e92=1:e122=10,26
389,2016-05-02 14:46,1.0,DOS-ISMM HTTP Abnormal Status DOS,e2=1:e18=5:e26=1:e55=2:e65=2:e89=2:e122=11,24
390,2016-05-02 15:22,1.0,ISMM-1 SNIPER SQL Query Injection Vulnerability(;DECLARE%20@) Sql_Injection,e18=3:e26=1:e28=1:e55=2:e65=1:e74=1:e89=2:e92=1:e93=1:e115=1:e122=10,24
391,2016-05-02 17:54,1.0,DOS-ISMM HTTP Abnormal Status DOS,e18=1:e32=1:e74=1:e89=2:e122=4,9
392,2016-05-02 19:18,1.0,DOS-ISMM HTTP Abnormal Status DOS,e32=1:e55=2:e69=1:e84=1:e122=9,14
393,2016-05-02 19:29,1.0,DOS-ISMM HTTP Abnormal Status DOS,e18=1:e32=1:e55=1:e89=2:e122=5,10
394,2016-05-02 20:38,1.0,DOS-ISMM HTTP Abnormal Status DOS,e18=1:e34=2:e55=2:e89=1:e122=2,8
395,2016-05-02 21:04,1.0,DOS-ISMM HTTP Abnormal Status DOS,e18=1:e55=1:e122=1,3
396,2016-05-02 21:09,1.0,ISMM-1 SNIPER SQL Query Injection Vulnerability(;DECLARE%20@) Sql_Injection,e90=1:e122=1,2
397,2016-05-02 21:30,1.0,DOS-ISMM HTTP Abnormal Status DOS,e55=2:e74=1:e89=1:e122=2,6
398,2016-05-02 21:33,1.0,DOS-ISMM HTTP Abnormal Status DOS,e18=1,1
399,2016-05-03 14:43,1.0,DOS-ISMM HTTP Abnormal Status DOS,e11=1:e18=1:e26=3:e55=1:e56=1:e65=1:e69=2:e89=3:e93=1:e122=16,30
400,2016-05-03 17:44,1.0,DOS-ISMM HTTP Abnormal Status DOS,e18=2:e55=1:e89=1:e122=5,9
401,2016-05-03 18:09,1.0,ISMM-1 SNIPER Joomla HTTP Header Remote Code Execution,e18=1:e30=1:e55=2:e84=3:e122=3,10
402,2016-05-03 20:17,1.0,DOS-ISMM HTTP Abnormal Status DOS,e55=1:e69=1:e89=1:e122=2,5
403,2016-05-03 20:45,1.0,DOS-ISMM HTTP Abnormal Status DOS,e18=2:e30=2:e55=1:e122=5,10
404,2016-05-03 21:08,1.0,DOS-ISMM HTTP Abnormal Status DOS,e32=1:e55=1:e122=2,4
405,2016-05-03 21:19,1.0,DOS-ISMM HTTP Abnormal Status DOS,e55=1:e122=2,3
406,2016-05-04 00:47,1.0,ISMM-1 SNIPER Joomla HTTP Header Remote Code Execution,e69=2:e122=2,4
407,2016-05-04 08:55,1.0,ISMM-1 SNIPER Joomla HTTP Header Remote Code Execution,e35=1:e55=1:e65=1:e69=2:e74=1:e98=2:e122=1,9
408,2016-05-04 13:54,1.0,DOS-ISMM HTTP Abnormal Status DOS,e18=2:e26=1:e30=1:e35=1:e55=1:e65=1:e69=1:e89=1:e92=1:e122=3,13
409,2016-05-04 14:09,1.0,DOS-ISMM HTTP Abnormal Status DOS,e18=4:e30=1:e34=1:e55=3:e65=2:e84=2:e89=2:e122=4,19
410,2016-05-04 14:10,1.0,DOS-ISMM HTTP Abnormal Status DOS,e2=1:e18=2:e26=1:e30=1:e32=1:e35=1:e55=3:e65=2:e69=3:e84=1:e89=1:e92=1:e122=5,23
411,2016-05-05 11:46,1.0,ISMM-1 SNIPER SQL Query Injection Vulnerability(;DECLARE%20@) Sql_Injection,e90=1,1
412,2016-05-06 06:53,1.0,ISMM-1 SNIPER Joomla HTTP Header Remote Code Execution,e34=1:e69=1:e84=1:e122=2,5
413,2016-05-06 08:05,1.0,ISMM-1 SNIPER Joomla HTTP Header Remote Code Execution,e18=1:e34=1:e84=1:e89=1:e122=3,7
414,2016-05-07 01:28,1.0,ISMM-1 SNIPER SQL Query Injection Vulnerability(;DECLARE%20@) Sql_Injection,e69=1:e90=2,3
415,2016-05-07 02:09,1.0,ISMM-1 SNIPER SQL Query Injection Vulnerability(;DECLARE%20@) Sql_Injection,e34=1,1
416,2016-05-07 02:46,1.0,ISMM-1 SNIPER SQL Query Injection Vulnerability(;DECLARE%20@) Sql_Injection,e90=1,1
417,2016-05-07 03:35,1.0,ISMM-1 SNIPER SQL Query Injection Vulnerability(;DECLARE%20@) Sql_Injection,e69=1:e90=1,2
418,2016-05-07 03:36,1.0,ISMM-1 SNIPER SQL Query Injection Vulnerability(;DECLARE%20@) Sql_Injection,e90=3,3
419,2016-05-07 11:20,1.0,ISMM-1 SNIPER -d allow_url_include=On (PHP 'php-cgi' query string parameter vul.B) WEB_APP_VULNERABILITY,e18=1:e23=1:e30=1:e55=1:e69=1:e122=3,8
420,2016-05-07 12:06,1.0,ISMM-1 SNIPER SQL Query Injection Vulnerability(;DECLARE%20@) Sql_Injection,e30=1:e34=1:e90=2:e120=2:e122=2,8
421,2016-05-07 12:11,1.0,ISMM-2 SNIPER applist.asp WEB_APP_VULNERABILITY,e30=2:e34=1:e69=2:e84=5:e90=1:e122=2,13
422,2016-05-07 23:42,1.0,ISMM-1 SNIPER Joomla HTTP Header Remote Code Execution,e34=1:e69=1,2
423,2016-05-09 11:34,1.0,ISMM-1 SNIPER SQL Query Injection Vulnerability APP_VULNERABILITY,e18=4:e26=2:e30=1:e32=1:e55=1:e65=1:e74=1:e84=1:e92=1:e122=4,17
424,2016-05-09 13:03,1.0,DOS-ISMM HTTP Abnormal Status DOS,e18=4:e26=1:e30=1:e55=3:e69=1:e84=1:e92=1:e122=7,19
425,2016-05-09 13:58,1.0,DOS-ISMM HTTP Abnormal Status DOS,e18=7:e32=1:e55=1:e69=1:e84=1:e89=5:e122=14,30
426,2016-05-09 14:04,1.0,DOS-ISMM HTTP Abnormal Status DOS,e18=9:e55=4:e65=1:e69=1:e84=1:e89=2:e92=1:e122=15,34
427,2016-05-09 14:07,1.0,DOS-ISMM HTTP Abnormal Status DOS,e18=5:e55=4:e65=1:e69=1:e84=1:e89=7:e122=9,28
428,2016-05-09 14:20,1.0,DOS-ISMM HTTP Abnormal Status DOS,e18=4:e26=1:e55=2:e65=1:e69=3:e84=1:e98=1:e122=6,19
429,2016-05-09 14:21,1.0,DOS-ISMM HTTP Abnormal Status DOS,e26=1:e27=1:e32=1:e55=1:e65=1:e69=1:e89=2:e105=1:e122=8,17
430,2016-05-09 14:26,1.0,DOS-ISMM HTTP Abnormal Status DOS,e18=3:e26=1:e32=1:e55=2:e84=1:e89=2:e91=1:e92=1:e122=14,26
431,2016-05-09 14:30,1.0,DOS-ISMM HTTP Abnormal Status DOS,e16=1:e18=3:e54=1:e55=3:e65=1:e84=2:e89=5:e115=1:e122=9,26
432,2016-05-09 14:31,1.0,DOS-ISMM HTTP Abnormal Status DOS,e18=4:e26=1:e32=1:e34=1:e55=5:e84=1:e115=1:e122=9,23
433,2016-05-09 14:32,1.0,DOS-ISMM HTTP Abnormal Status DOS,e18=2:e47=2:e55=3:e65=2:e69=1:e74=1:e89=1:e101=2:e122=7,21
434,2016-05-09 14:40,1.0,DOS-ISMM HTTP Abnormal Status DOS,e18=1:e55=5:e69=1:e84=1:e89=2:e92=1:e122=15,26
435,2016-05-09 14:42,1.0,DOS-ISMM HTTP Abnormal Status DOS,e18=4:e55=2:e69=1:e84=1:e89=4:e91=1:e92=1:e122=16,30
436,2016-05-09 14:55,1.0,DOS-ISMM HTTP Abnormal Status DOS,e18=3:e55=6:e84=5:e89=1:e115=1:e122=5,21
437,2016-05-09 14:56,1.0,DOS-ISMM HTTP Abnormal Status DOS,e15=1:e18=2:e55=2:e65=2:e84=2:e89=4:e92=1:e122=3,17
438,2016-05-09 15:48,1.0,DOS-ISMM HTTP Abnormal Status DOS,e18=5:e26=1:e32=1:e55=2:e74=1:e84=1:e89=1:e92=1:e122=5,18
439,2016-05-09 16:10,1.0,DOS-ISMM HTTP Abnormal Status DOS,e18=5:e32=1:e34=1:e55=1:e65=1:e69=2:e122=6,17
440,2016-05-09 16:12,1.0,DOS-ISMM HTTP Abnormal Status DOS,e18=4:e34=1:e55=4:e69=3:e84=1:e89=1:e122=7,21
441,2016-05-09 16:15,1.0,DOS-ISMM HTTP Abnormal Status DOS,e18=2:e26=1:e34=1:e55=1:e84=1:e89=2:e122=8,16
442,2016-05-09 16:45,1.0,DOS-ISMM HTTP Abnormal Status DOS,e16=1:e18=1:e55=5:e84=1:e122=4,12
443,2016-05-09 17:19,1.0,DOS-ISMM HTTP Abnormal Status DOS,e18=3:e32=1:e34=1:e55=3:e65=1:e69=1:e84=5:e89=1:e92=1:e93=1:e122=4,22
444,2016-05-09 17:45,1.0,DOS-ISMM HTTP Abnormal Status DOS,e18=2:e55=4:e89=2:e122=6,14
445,2016-05-09 17:55,1.0,DOS-ISMM HTTP Abnormal Status DOS,e18=2:e26=1:e32=3:e55=1:e89=2:e122=6,15
446,2016-05-09 18:11,1.0,DOS-ISMM HTTP Abnormal Status DOS,e18=4:e55=1:e122=6,11
447,2016-05-09 18:40,1.0,DOS-ISMM HTTP Abnormal Status DOS,e18=1:e54=1:e55=6:e69=1:e89=2:e122=8,19
448,2016-05-09 19:20,1.0,DOS-ISMM HTTP Abnormal Status DOS,e18=3:e55=2:e84=6:e92=1:e122=4,16
449,2016-05-09 19:43,1.0,DOS-ISMM HTTP Abnormal Status DOS,e18=1:e32=1:e55=2:e84=1:e89=2:e122=4,11
450,2016-05-09 19:56,1.0,DOS-ISMM HTTP Abnormal Status DOS,e55=3:e89=2:e122=8,13
451,2016-05-10 10:40,1.0,ISMM-2 SNIPER applist.asp WEB_APP_VULNERABILITY,e18=2:e69=1:e90=1:e122=1,5
452,2016-05-10 11:25,1.0,ISMM-2 SNIPER applist.asp WEB_APP_VULNERABILITY,e18=2:e26=1:e30=4:e55=2:e69=1:e122=6,16
453,2016-05-10 13:27,1.0,ISMM-1 SNIPER SQL Query Injection Vulnerability APP_VULNERABILITY,e18=3:e30=1:e47=1:e55=3:e65=2:e69=4:e74=1:e89=3:e93=2:e101=1:e105=1:e115=1:e122=10,33
454,2016-05-10 13:55,1.0,DOS-ISMM HTTP Abnormal Status DOS,e18=5:e26=2:e34=1:e47=1:e55=2:e56=1:e60=1:e65=1:e75=1:e89=6:e91=1:e92=3:e93=1:e101=1:e122=11,38
455,2016-05-10 14:08,1.0,ISMM-1 SNIPER Joomla HTTP Header Remote Code Execution,e16=1:e18=10:e26=1:e34=1:e55=1:e65=1:e69=3:e74=1:e75=1:e84=1:e89=5:e92=1:e122=12,39
456,2016-05-10 15:22,1.0,DOS-ISMM HTTP Abnormal Status DOS,e18=7:e54=1:e69=2:e75=2:e89=6:e115=1:e122=12,31
457,2016-05-10 16:56,1.0,DOS-ISMM HTTP Abnormal Status DOS,e18=1:e55=1:e80=1:e92=1:e122=9,13
458,2016-05-10 17:02,1.0,DOS-ISMM HTTP Abnormal Status DOS,e34=1:e54=1:e55=6:e65=1:e66=1:e89=2:e122=6,18
459,2016-05-10 17:11,1.0,DOS-ISMM HTTP Abnormal Status DOS,e18=4:e32=1:e55=4:e56=1:e62=2:e66=1:e93=1:e122=6,20
460,2016-05-10 19:11,1.0,DOS-ISMM HTTP Abnormal Status DOS,e55=2:e69=1:e89=4:e122=4,11
461,2016-05-10 19:22,1.0,DOS-ISMM HTTP Abnormal Status DOS,e18=3:e55=3:e89=1:e122=5,12
462,2016-05-10 19:41,1.0,DOS-ISMM HTTP Abnormal Status DOS,e32=1:e55=2:e122=2,5
463,2016-05-10 19:45,1.0,DOS-ISMM HTTP Abnormal Status DOS,e18=1:e34=1:e55=1:e69=1:e89=4:e92=1:e122=4,13
464,2016-05-10 19:49,1.0,DOS-ISMM HTTP Abnormal Status DOS,e18=1:e55=2:e84=1:e89=1:e92=1:e122=5,11
465,2016-05-10 20:19,1.0,DOS-ISMM HTTP Abnormal Status DOS,e18=1:e122=3,4
466,2016-05-10 20:22,1.0,DOS-ISMM HTTP Abnormal Status DOS,e32=1:e34=1:e55=2:e69=3:e84=4:e89=1:e122=2,14
467,2016-05-10 20:23,1.0,DOS-ISMM HTTP Abnormal Status DOS,e32=1:e55=2:e69=1:e84=6:e89=1:e122=3,14
468,2016-05-10 20:26,1.0,DOS-ISMM HTTP Abnormal Status DOS,e18=1:e32=1:e34=1:e69=2:e84=6:e122=4,15
469,2016-05-10 20:39,1.0,DOS-ISMM HTTP Abnormal Status DOS,e122=4,4
470,2016-05-10 23:46,1.0,ISMM-1 SNIPER SQL Query Injection Vulnerability(;DECLARE%20@) Sql_Injection,e69=1:e90=1,2
471,2016-05-11 00:34,1.0,ISMM-1 SNIPER SQL Query Injection Vulnerability(;DECLARE%20@) Sql_Injection,e84=1:e90=1:e122=1,3
472,2016-05-11 11:04,1.0,ISMM-1 SNIPER SQL Query Injection Vulnerability(;DECLARE%20@) Sql_Injection,e30=1:e65=1:e69=1:e90=1:e122=3,7
473,2016-05-11 13:48,1.0,DOS-ISMM HTTP Abnormal Status DOS,e18=5:e55=5:e65=1:e89=3:e91=1:e92=2:e115=2:e122=11,30
474,2016-05-11 14:17,1.0,DOS-ISMM HTTP Abnormal Status DOS,e18=3:e26=2:e55=3:e65=1:e69=4:e89=5:e115=2:e122=9,29
475,2016-05-11 14:26,1.0,DOS-ISMM HTTP Abnormal Status DOS,e2=1:e18=1:e32=2:e55=5:e65=1:e69=1:e74=1:e89=4:e91=1:e92=1:e122=8,26
476,2016-05-11 14:42,1.0,DOS-ISMM HTTP Abnormal Status DOS,e18=2:e26=1:e32=1:e55=3:e65=1:e69=1:e74=1:e75=2:e89=1:e122=8,21
477,2016-05-11 14:52,1.0,DOS-ISMM HTTP Abnormal Status DOS,e18=2:e55=3:e65=1:e89=2:e92=2:e115=1:e122=8,19
478,2016-05-11 17:11,1.0,DOS-ISMM HTTP Abnormal Status DOS,e18=3:e55=2:e69=2:e74=1:e75=3:e122=7,18
479,2016-05-11 18:02,1.0,DOS-ISMM HTTP Abnormal Status DOS,e18=1:e32=1:e74=1:e89=4:e122=3,10
480,2016-05-11 19:52,1.0,DOS-ISMM HTTP Abnormal Status DOS,e18=1:e55=2:e69=6:e89=2:e122=3,14
481,2016-05-11 20:02,1.0,DOS-ISMM HTTP Abnormal Status DOS,e18=2:e55=1:e89=1:e122=2,6
482,2016-05-11 20:14,1.0,DOS-ISMM HTTP Abnormal Status DOS,e18=1:e55=3:e69=1:e122=3,8
483,2016-05-11 21:23,1.0,DOS-ISMM HTTP Abnormal Status DOS,e122=3,3
484,2016-05-11 21:24,1.0,DOS-ISMM HTTP Abnormal Status DOS,e89=1:e122=3,4
485,2016-05-11 21:24,1.0,DOS-ISMM HTTP Abnormal Status DOS,e89=1:e122=3,4
486,2016-05-11 21:41,1.0,DOS-ISMM HTTP Abnormal Status DOS,e11=1:e69=2,3
487,2016-05-11 21:47,1.0,DOS-ISMM HTTP Abnormal Status DOS,e32=1:e55=1:e122=1,3
488,2016-05-12 10:35,1.0,ISMM-1 SNIPER -d allow_url_include=On (PHP 'php-cgi' query string parameter vul.B) WEB_APP_VULNERABILITY,e23=1:e55=1:e69=2:e122=2,6
489,2016-05-12 13:51,1.0,DOS-ISMM HTTP Abnormal Status DOS,e18=1:e32=1:e55=1:e69=1:e89=3:e122=9,16
490,2016-05-12 13:56,1.0,DOS-ISMM HTTP Abnormal Status DOS,e18=2:e34=1:e55=3:e65=1:e69=2:e74=1:e89=4:e92=1:e122=7,22
491,2016-05-12 14:00,1.0,DOS-ISMM HTTP Abnormal Status DOS,e18=4:e55=5:e65=1:e69=1:e89=5:e122=9,25
492,2016-05-12 15:07,1.0,DOS-ISMM HTTP Abnormal Status DOS,e18=3:e34=1:e55=1:e65=1:e69=3:e89=3:e122=7,19
493,2016-05-12 15:13,1.0,DOS-ISMM HTTP Abnormal Status DOS,e18=4:e55=4:e65=2:e69=1:e74=1:e84=1:e89=5:e105=1:e122=7,26
494,2016-05-12 15:14,1.0,DOS-ISMM HTTP Abnormal Status DOS,e18=1:e26=1:e55=1:e65=1:e69=3:e89=4:e122=9,20
495,2016-05-12 16:04,1.0,DOS-ISMM HTTP Abnormal Status DOS,e18=4:e55=3:e69=1:e89=3:e122=5,16
496,2016-05-12 16:15,1.0,DOS-ISMM HTTP Abnormal Status DOS,e18=1:e69=1:e89=3:e122=6,11
497,2016-05-12 16:20,1.0,DOS-ISMM HTTP Abnormal Status DOS,e18=1:e55=3:e69=1:e89=1:e92=1:e122=2,9
498,2016-05-12 16:33,1.0,ISMM-1 SNIPER Joomla HTTP Header Remote Code Execution,e18=2:e55=1:e69=1:e122=5,9
499,2016-05-12 16:46,1.0,DOS-ISMM HTTP Abnormal Status DOS,e11=1:e18=1:e93=1:e122=6,9
500,2016-05-12 16:56,1.0,DOS-ISMM HTTP Abnormal Status DOS,e18=3:e32=2:e55=2:e122=6,13
501,2016-05-12 17:02,1.0,DOS-ISMM HTTP Abnormal Status DOS,e18=1:e89=2:e122=3,6
502,2016-05-12 17:06,1.0,DOS-ISMM HTTP Abnormal Status DOS,e18=3:e32=1:e54=1:e55=1:e89=1:e92=1:e122=8,16
503,2016-05-12 17:36,1.0,DOS-ISMM HTTP Abnormal Status DOS,e55=2:e69=1:e74=1:e84=1:e122=4,9
504,2016-05-12 17:37,1.0,DOS-ISMM HTTP Abnormal Status DOS,e18=1:e32=1:e55=2:e84=1:e122=2,7
505,2016-05-12 17:43,1.0,DOS-ISMM HTTP Abnormal Status DOS,e34=1:e84=1:e122=3,5
506,2016-05-12 17:49,1.0,DOS-ISMM HTTP Abnormal Status DOS,e55=2:e69=1:e122=6,9
507,2016-05-12 20:16,1.0,DOS-ISMM HTTP Abnormal Status DOS,e11=1:e18=1:e55=2:e69=1:e89=1:e122=4,10
508,2016-05-12 21:51,1.0,DOS-ISMM HTTP Abnormal Status DOS,e18=1,1
509,2016-05-13 04:51,1.0,ISMM-1 SNIPER SQL Query Injection Vulnerability APP_VULNERABILITY,e34=1:e69=2,3
510,2016-05-13 04:52,1.0,ISMM-1 SNIPER SQL Query Injection Vulnerability APP_VULNERABILITY,e45=1:e93=1,2
511,2016-05-13 04:52,1.0,ISMM-1 SNIPER SQL Query Injection Vulnerability APP_VULNERABILITY,e45=1:e93=1,2
512,2016-05-13 13:54,1.0,ISMM-1 SNIPER SQL Query Injection Vulnerability(;DECLARE%20@) Sql_Injection,e2=1:e18=2:e34=2:e55=2:e84=5:e89=8:e122=9,29
513,2016-05-13 13:56,1.0,DOS-ISMM HTTP Abnormal Status DOS,e18=2:e34=1:e55=5:e65=1:e69=1:e89=2:e92=1:e115=1:e122=8,22
514,2016-05-13 16:14,1.0,DOS-ISMM HTTP Abnormal Status DOS,e32=1:e55=1:e65=1:e69=2:e89=1:e122=4,10
515,2016-05-13 16:16,1.0,DOS-ISMM HTTP Abnormal Status DOS,e18=1:e26=1:e55=2:e65=1:e89=1:e122=2,8
516,2016-05-13 16:18,1.0,DOS-ISMM HTTP Abnormal Status DOS,e11=1:e18=2:e69=1:e84=3:e89=3:e122=2,12
517,2016-05-13 16:26,1.0,DOS-ISMM HTTP Abnormal Status DOS,e2=1:e11=1:e18=5:e32=1:e84=5:e89=1:e93=1:e122=1,16
518,2016-05-13 16:27,1.0,DOS-ISMM HTTP Abnormal Status DOS,e18=3:e89=1:e122=3,7
519,2016-05-13 16:54,1.0,DOS-ISMM HTTP Abnormal Status DOS,e18=1:e69=2:e89=1:e122=4,8
520,2016-05-13 16:55,1.0,DOS-ISMM HTTP Abnormal Status DOS,e18=1:e55=2:e74=1:e115=1:e122=2,7
521,2016-05-14 00:24,1.0,ISMM-1 SNIPER SQL Query Injection Vulnerability(;DECLARE%20@) Sql_Injection,e69=1:e90=2,3
522,2016-05-14 12:40,1.0,ISMM-1 SNIPER Joomla HTTP Header Remote Code Execution,e69=1:e74=1:e84=1:e122=1,4
523,2016-05-15 08:11,1.0,ISMM-1 SNIPER Joomla HTTP Header Remote Code Execution,e69=1,1
524,2016-05-15 15:06,1.0,ISMM-1 SNIPER union all select (SQL Query Injection Vulnerability(union all select)) WEB_APP_VULNERABILITY,e69=1:e121=1:e122=2,4
525,2016-05-15 15:12,1.0,ISMM-1 SNIPER SQL Query Injection Vulnerability APP_VULNERABILITY,e121=1:e122=2,3
526,2016-05-15 16:17,1.0,ISMM-1 SNIPER SQL Query Injection Vulnerability APP_VULNERABILITY,e18=1:e122=2,3
527,2016-05-15 16:19,1.0,ISMM-1 SNIPER union all select (SQL Query Injection Vulnerability(union all select)) WEB_APP_VULNERABILITY,e39=1:e55=1:e69=2:e122=1:e125=1,6
528,2016-05-15 16:20,1.0,ISMM-1 SNIPER union all select (SQL Query Injection Vulnerability(union all select)) WEB_APP_VULNERABILITY,e39=1:e69=1:e121=1:e122=2,5
529,2016-05-15 16:20,1.0,ISMM-1 SNIPER union all select (SQL Query Injection Vulnerability(union all select)) WEB_APP_VULNERABILITY,e39=1:e69=1:e121=1:e122=2,5
530,2016-05-15 23:59,1.0,ISMM-1 SNIPER -d allow_url_include=On (PHP 'php-cgi' query string parameter vul.B) WEB_APP_VULNERABILITY,e23=1:e34=1,2
531,2016-05-16 00:47,1.0,ISMM-1 SNIPER and sleep( (Blind SQL Sleep() Query Injection Vul-3),e84=5,5
532,2016-05-16 02:09,1.0,ISMM-1 SNIPER and sleep( (Blind SQL Sleep() Query Injection Vul-3),e3=1:e90=2,3
533,2016-05-16 10:13,1.0,ISMM-1 SNIPER SQL Query Injection Vulnerability(;DECLARE%20@) Sql_Injection,e18=2:e55=1:e90=1:e122=1,5
534,2016-05-16 12:12,1.0,ISMM-1 SNIPER and sleep( (Blind SQL Sleep() Query Injection Vul-3),e3=1:e18=7:e55=2:e74=2:e91=1:e122=11:e124=1,25
535,2016-05-16 12:40,1.0,ISMM-1 SNIPER and sleep( (Blind SQL Sleep() Query Injection Vul-3),e18=2:e28=1:e30=1:e55=4:e69=3:e74=1:e89=4:e115=1:e122=10:e124=1,28
536,2016-05-16 12:49,1.0,DOS-ISMM HTTP Abnormal Status DOS,e18=4:e26=1:e55=3:e65=1:e74=1:e89=1:e122=13,24
537,2016-05-16 12:56,1.0,ISMM-1 SNIPER and sleep( (Blind SQL Sleep() Query Injection Vul-3),e3=2:e18=4:e29=1:e55=3:e74=1:e89=3:e115=1:e122=11:e124=1,27
538,2016-05-16 14:51,1.0,DOS-ISMM HTTP Abnormal Status DOS,e11=1:e18=4:e26=1:e55=2:e69=1:e74=1:e89=1:e92=1:e122=10,22
539,2016-05-16 14:56,1.0,DOS-ISMM HTTP Abnormal Status DOS,e18=2:e34=1:e55=3:e74=2:e89=2:e91=1:e92=1:e122=8,20
540,2016-05-16 14:59,1.0,DOS-ISMM HTTP Abnormal Status DOS,e18=5:e26=1:e55=4:e65=1:e69=2:e74=2:e89=2:e122=9,26
541,2016-05-16 15:02,1.0,DOS-ISMM HTTP Abnormal Status DOS,e18=6:e26=1:e30=3:e34=2:e55=1:e65=1:e69=1:e74=2:e89=2:e91=1:e92=1:e122=7,28
542,2016-05-16 15:06,1.0,DOS-ISMM HTTP Abnormal Status DOS,e18=4:e30=1:e34=1:e55=8:e65=2:e89=1:e92=1:e122=7,25
543,2016-05-16 15:10,1.0,DOS-ISMM HTTP Abnormal Status DOS,e18=4:e32=1:e55=1:e65=3:e89=3:e105=2:e122=12,26
544,2016-05-16 15:11,1.0,DOS-ISMM HTTP Abnormal Status DOS,e18=7:e30=2:e55=1:e65=1:e74=1:e89=3:e115=1:e122=9,25
545,2016-05-16 17:12,1.0,DOS-ISMM HTTP Abnormal Status DOS,e18=2:e30=1:e55=1:e89=2:e122=5,11
546,2016-05-16 17:14,1.0,DOS-ISMM HTTP Abnormal Status DOS,e18=2:e55=1:e89=1:e122=8,12
547,2016-05-16 17:49,1.0,DOS-ISMM HTTP Abnormal Status DOS,e18=2:e55=2:e89=1:e122=4,9
548,2016-05-16 18:07,1.0,DOS-ISMM HTTP Abnormal Status DOS,e18=3:e32=1:e75=1:e89=3:e120=2:e122=8,18
549,2016-05-16 19:50,1.0,DOS-ISMM HTTP Abnormal Status DOS,e18=1:e34=1:e55=3:e69=1:e89=2:e122=5,13
550,2016-05-16 20:05,1.0,DOS-ISMM HTTP Abnormal Status DOS,e32=1:e55=1:e75=2:e89=1:e122=6,11
551,2016-05-16 21:04,1.0,DOS-ISMM HTTP Abnormal Status DOS,e32=1:e34=1:e55=1:e69=1:e75=1:e89=1:e122=1,7
552,2016-05-16 21:05,1.0,DOS-ISMM HTTP Abnormal Status DOS,e32=1:e69=1:e122=5,7
553,2016-05-16 21:13,1.0,DOS-ISMM HTTP Abnormal Status DOS,e69=1:e89=1:e122=1,3
554,2016-05-16 21:14,1.0,DOS-ISMM HTTP Abnormal Status DOS,e122=1,1
555,2016-05-16 21:15,1.0,DOS-ISMM HTTP Abnormal Status DOS,e15=1:e18=2:e69=1:e75=1:e122=1,6
556,2016-05-16 22:24,1.0,DOS-ISMM HTTP Abnormal Status DOS,e18=1:e34=1:e122=1,3
557,2016-05-17 11:16,1.0,DOS-ISMM HTTP Abnormal Status DOS,e26=1:e30=1:e56=1:e74=1:e92=1:e122=3,8
558,2016-05-17 13:50,1.0,DOS-ISMM HTTP Abnormal Status DOS,e18=4:e55=2:e65=2:e89=3:e115=1:e122=13,25
559,2016-05-17 14:05,1.0,DOS-ISMM HTTP Abnormal Status DOS,e18=3:e34=1:e55=4:e65=1:e69=1:e89=2:e92=1:e115=1:e122=11,25
560,2016-05-17 14:06,1.0,DOS-ISMM HTTP Abnormal Status DOS,e18=3:e26=1:e74=1:e89=1:e92=1:e118=1:e122=11,19
561,2016-05-17 16:51,1.0,DOS-ISMM HTTP Abnormal Status DOS,e18=3:e55=1:e89=1:e122=4,9
562,2016-05-17 16:55,1.0,DOS-ISMM HTTP Abnormal Status DOS,e16=1:e55=1:e84=5:e89=1:e122=6,14
563,2016-05-17 16:57,1.0,DOS-ISMM HTTP Abnormal Status DOS,e18=5:e55=1:e89=2:e122=4,12
564,2016-05-17 17:02,1.0,DOS-ISMM HTTP Abnormal Status DOS,e18=3:e55=3:e74=1:e122=2,9
565,2016-05-17 17:08,1.0,DOS-ISMM HTTP Abnormal Status DOS,e15=1:e18=1:e55=1:e65=1:e92=1:e122=3,8
566,2016-05-17 17:11,1.0,DOS-ISMM HTTP Abnormal Status DOS,e34=1:e55=3:e69=1:e89=1:e122=5,11
567,2016-05-17 17:12,1.0,DOS-ISMM HTTP Abnormal Status DOS,e18=1:e55=2:e89=1:e122=7,11
568,2016-05-17 17:13,1.0,DOS-ISMM HTTP Abnormal Status DOS,e32=1:e55=2:e84=5:e122=5,13
569,2016-05-17 17:30,1.0,DOS-ISMM HTTP Abnormal Status DOS,e18=1:e32=1:e55=1:e122=1,4
570,2016-05-17 17:43,1.0,ISMM-1 SNIPER PHP WebShell Backdoor-2 WebShell_Detect,e18=1:e69=2:e89=1:e122=7,11
571,2016-05-17 19:01,1.0,DOS-ISMM HTTP Abnormal Status DOS,e18=2:e32=2:e89=3:e122=6,13
572,2016-05-17 21:40,1.0,DOS-ISMM HTTP Abnormal Status DOS,e55=2:e69=1:e122=1,4
573,2016-05-17 21:41,1.0,DOS-ISMM HTTP Abnormal Status DOS,e18=1:e34=1:e55=1:e122=1,4
574,2016-05-18 06:59,1.0,ISMM-1 SNIPER Joomla HTTP Header Remote Code Execution,e122=3,3
575,2016-05-18 18:30,1.0,DOS-ISMM HTTP Abnormal Status DOS,e18=1:e55=1:e89=1:e122=4,7
576,2016-05-18 19:16,1.0,DOS-ISMM HTTP Abnormal Status DOS,e18=7:e34=1:e55=6:e89=3:e122=2,19
577,2016-05-18 19:23,1.0,DOS-ISMM HTTP Abnormal Status DOS,e32=1:e55=1:e89=2:e122=5,9
578,2016-05-18 19:45,1.0,DOS-ISMM HTTP Abnormal Status DOS,e32=1:e69=1:e105=1:e122=3,6
579,2016-05-18 21:10,1.0,DOS-ISMM HTTP Abnormal Status DOS,e16=1:e18=1:e55=1:e122=1,4
580,2016-05-18 21:11,1.0,DOS-ISMM HTTP Abnormal Status DOS,e89=1:e122=1,2
581,2016-05-18 21:45,1.0,DOS-ISMM HTTP Abnormal Status DOS,e69=1:e122=2,3
582,2016-05-18 22:43,1.0,DOS-ISMM HTTP Abnormal Status DOS,e69=4:e122=4,8
583,2016-05-19 13:46,1.0,DOS-ISMM HTTP Abnormal Status DOS,e18=2:e32=1:e55=3:e65=1:e84=1:e89=2:e92=1:e93=1:e122=16,28
584,2016-05-19 13:52,1.0,DOS-ISMM HTTP Abnormal Status DOS,e18=2:e55=1:e65=1:e69=1:e89=3:e92=1:e93=1:e115=2:e122=5,17
585,2016-05-19 14:11,1.0,ISMM-1 SNIPER SQL Query Injection Vulnerability APP_VULNERABILITY,e18=3:e55=6:e65=1:e66=1:e74=1:e89=1:e93=1:e122=15,29
586,2016-05-19 15:25,1.0,DOS-ISMM HTTP Abnormal Status DOS,e18=1:e26=2:e55=3:e65=3:e89=2:e122=4,15
587,2016-05-19 15:33,1.0,DOS-ISMM HTTP Abnormal Status DOS,e18=1:e34=1:e55=2:e65=2:e89=2:e122=4,12
588,2016-05-19 15:52,1.0,DOS-ISMM HTTP Abnormal Status DOS,e18=1:e55=4:e65=1:e122=6,12
589,2016-05-19 16:05,1.0,DOS-ISMM HTTP Abnormal Status DOS,e18=4:e34=1:e65=1:e89=3:e115=1:e122=6,16
590,2016-05-19 16:16,1.0,DOS-ISMM HTTP Abnormal Status DOS,e18=5:e32=1:e55=5:e69=1:e122=8,20
591,2016-05-19 16:17,1.0,DOS-ISMM HTTP Abnormal Status DOS,e15=1:e18=2:e55=2:e122=2,7
592,2016-05-19 18:50,1.0,DOS-ISMM HTTP Abnormal Status DOS,e32=1:e55=2:e69=1:e89=1:e122=8,13
593,2016-05-20 06:42,1.0,ISMM-1 SNIPER Joomla HTTP Header Remote Code Execution,e34=3:e65=2:e69=1:e74=2:e84=1:e122=2,11
594,2016-05-20 15:03,1.0,DOS-ISMM HTTP Abnormal Status DOS,e18=1:e34=1:e55=3:e74=3:e89=2:e122=3,13
595,2016-05-20 16:49,1.0,DOS-ISMM HTTP Abnormal Status DOS,e2=1:e18=1:e28=1:e34=1:e55=2:e89=1:e122=4,11
596,2016-05-20 19:58,1.0,DOS-ISMM HTTP Abnormal Status DOS,e122=2,2
597,2016-05-21 00:01,1.0,ISMM-1 SNIPER SQL Query Injection Vulnerability(;DECLARE%20@) Sql_Injection,e55=1:e90=3,4
598,2016-05-21 00:04,1.0,ISMM-1 SNIPER SQL Query Injection Vulnerability(;DECLARE%20@) Sql_Injection,e69=1:e90=3,4
599,2016-05-21 00:31,1.0,ISMM-1 SNIPER SQL Query Injection Vulnerability(;DECLARE%20@) Sql_Injection,e90=2,2
600,2016-05-21 00:49,1.0,ISMM-1 SNIPER SQL Query Injection Vulnerability(;DECLARE%20@) Sql_Injection,e90=5,5
601,2016-05-21 01:23,1.0,ISMM-1 SNIPER SQL Query Injection Vulnerability(;DECLARE%20@) Sql_Injection,e90=3,3
602,2016-05-21 13:14,1.0,ISMM-1 SNIPER SQL Query Injection Vulnerability(;DECLARE%20@) Sql_Injection,e55=1:e69=1:e90=2:e122=3,7
603,2016-05-22 22:30,1.0,DOS-ISMM HTTP Abnormal Status DOS,e84=1:e122=3,4
604,2016-05-23 08:19,1.0,ISMM-1 SNIPER SQL Query Injection Vulnerability APP_VULNERABILITY,e18=2:e26=2:e65=1:e75=1:e84=1:e111=2:e122=5,14
605,2016-05-23 11:02,1.0,DOS-ISMM HTTP Abnormal Status DOS,e18=3:e26=1:e55=1:e65=1:e74=1:e122=1,8
606,2016-05-23 13:13,1.0,DOS-ISMM HTTP Abnormal Status DOS,e18=3:e34=2:e55=3:e65=1:e69=1:e89=2:e122=14,26
607,2016-05-23 14:39,1.0,ISMM-1 SNIPER SQL Query Injection Vulnerability APP_VULNERABILITY,e2=2:e18=5:e55=3:e65=3:e69=1:e89=4:e115=1:e122=12,31
608,2016-05-23 14:58,1.0,DOS-ISMM HTTP Abnormal Status DOS,e18=6:e26=1:e32=1:e34=1:e55=2:e65=2:e89=5:e122=4,22
609,2016-05-23 14:59,1.0,DOS-ISMM HTTP Abnormal Status DOS,e18=6:e26=4:e55=4:e65=2:e69=1:e89=2:e122=12,31
610,2016-05-23 17:30,1.0,DOS-ISMM HTTP Abnormal Status DOS,e18=2:e32=1:e55=3:e84=1:e89=1:e92=1:e122=8,17
611,2016-05-23 17:44,1.0,DOS-ISMM HTTP Abnormal Status DOS,e18=2:e84=1:e89=1:e122=4,8
612,2016-05-23 18:12,1.0,DOS-ISMM HTTP Abnormal Status DOS,e18=2:e55=2:e84=1:e89=1:e122=5,11
613,2016-05-23 21:31,1.0,DOS-ISMM HTTP Abnormal Status DOS,e18=1:e32=1,2
614,2016-05-24 14:07,1.0,DOS-ISMM HTTP Abnormal Status DOS,e16=1:e18=3:e55=3:e65=1:e74=1:e75=1:e84=1:e89=2:e115=1:e122=8,22
615,2016-05-24 14:09,1.0,DOS-ISMM HTTP Abnormal Status DOS,e18=4:e34=1:e55=2:e56=1:e65=2:e74=1:e84=1:e89=3:e92=2:e122=10,27
616,2016-05-24 14:15,1.0,DOS-ISMM HTTP Abnormal Status DOS,e2=1:e18=5:e26=2:e32=2:e55=3:e65=1:e69=2:e75=1:e84=1:e89=2:e91=1:e92=1:e122=11,33
617,2016-05-24 14:16,1.0,DOS-ISMM HTTP Abnormal Status DOS,e18=2:e26=3:e55=2:e65=2:e69=1:e84=2:e89=2:e105=1:e115=1:e122=11,27
618,2016-05-24 15:07,1.0,DOS-ISMM HTTP Abnormal Status DOS,e18=5:e26=2:e54=1:e55=2:e65=2:e89=1:e122=12,25
619,2016-05-24 15:11,1.0,DOS-ISMM HTTP Abnormal Status DOS,e18=3:e55=2:e65=1:e75=1:e89=1:e98=1:e115=1:e122=4,14
620,2016-05-24 15:21,1.0,DOS-ISMM HTTP Abnormal Status DOS,e18=5:e26=4:e29=1:e55=2:e65=2:e89=1:e92=1:e98=1:e122=9,26
621,2016-05-24 15:30,1.0,DOS-ISMM HTTP Abnormal Status DOS,e18=3:e55=2:e89=4:e122=13,22
622,2016-05-24 15:34,1.0,DOS-ISMM HTTP Abnormal Status DOS,e18=3:e29=1:e55=2:e56=1:e89=1:e105=1:e122=6,15
623,2016-05-24 15:58,1.0,DOS-ISMM HTTP Abnormal Status DOS,e18=1:e75=3:e89=2:e98=2:e105=1:e115=3:e122=8,20
624,2016-05-24 16:01,1.0,DOS-ISMM HTTP Abnormal Status DOS,e18=3:e69=1:e75=2:e122=9,15
625,2016-05-24 16:15,1.0,DOS-ISMM HTTP Abnormal Status DOS,e16=1:e18=4:e28=1:e69=2:e89=2:e122=7,17
626,2016-05-24 16:16,1.0,DOS-ISMM HTTP Abnormal Status DOS,e15=1:e18=3:e55=3:e65=1:e69=5:e75=2:e122=6,21
627,2016-05-24 16:24,1.0,DOS-ISMM HTTP Abnormal Status DOS,e18=3:e29=1:e65=1:e69=2:e75=2:e122=5,14
628,2016-05-24 16:33,1.0,DOS-ISMM HTTP Abnormal Status DOS,e18=2:e26=1:e54=1:e55=3:e65=1:e69=1:e75=1:e122=5,15
629,2016-05-24 16:35,1.0,DOS-ISMM HTTP Abnormal Status DOS,e18=1:e32=1:e55=1:e65=1:e69=2:e75=1:e89=2:e122=6,15
630,2016-05-24 17:04,1.0,DOS-ISMM HTTP Abnormal Status DOS,e18=2:e55=2:e89=1:e122=4,9
631,2016-05-24 17:14,1.0,DOS-ISMM HTTP Abnormal Status DOS,e18=4:e29=1:e55=3:e69=1:e89=2:e122=7,18
632,2016-05-24 17:30,1.0,DOS-ISMM HTTP Abnormal Status DOS,e34=2:e55=2:e84=1:e89=1:e122=2,8
633,2016-05-24 18:02,1.0,DOS-ISMM HTTP Abnormal Status DOS,e18=1:e84=1:e89=3:e122=7,12
634,2016-05-24 18:03,1.0,DOS-ISMM HTTP Abnormal Status DOS,e18=1:e32=2:e34=1:e55=2:e84=1:e89=2:e98=1:e122=5,15
635,2016-05-24 19:42,1.0,DOS-ISMM HTTP Abnormal Status DOS,e18=2:e55=3:e69=2:e89=2:e122=1,10
636,2016-05-24 21:19,1.0,DOS-ISMM HTTP Abnormal Status DOS,e18=1:e84=1:e122=1,3
637,2016-05-25 06:50,1.0,ISMM-1 SNIPER Joomla HTTP Header Remote Code Execution,e26=1:e32=1:e34=1:e65=1:e74=1:e122=4,9
638,2016-05-25 13:13,1.0,DOS-ISMM HTTP Abnormal Status DOS,e18=6:e55=1:e65=1:e69=1:e89=3:e122=9,21
639,2016-05-25 14:02,1.0,DOS-ISMM HTTP Abnormal Status DOS,e18=7:e26=1:e34=1:e55=1:e69=1:e89=6:e92=1:e93=1:e122=11,30
640,2016-05-25 14:26,1.0,DOS-ISMM HTTP Abnormal Status DOS,e18=2:e26=1:e55=1:e65=1:e89=3:e122=12,20
641,2016-05-25 14:27,1.0,DOS-ISMM HTTP Abnormal Status DOS,e18=4:e34=1:e41=1:e55=2:e65=1:e89=3:e115=1:e122=8,21
642,2016-05-25 14:30,1.0,DOS-ISMM HTTP Abnormal Status DOS,e18=5:e26=1:e34=1:e55=4:e65=1:e69=1:e89=1:e115=1:e122=8,23
643,2016-05-25 14:50,1.0,DOS-ISMM HTTP Abnormal Status DOS,e18=6:e26=1:e32=1:e65=1:e69=1:e122=6,16
644,2016-05-25 15:02,1.0,DOS-ISMM HTTP Abnormal Status DOS,e18=5:e26=1:e65=3:e74=1:e89=5:e122=4,19
645,2016-05-25 15:04,1.0,DOS-ISMM HTTP Abnormal Status DOS,e18=4:e26=1:e55=2:e65=2:e74=1:e89=1:e115=1:e122=8,20
646,2016-05-25 15:11,1.0,DOS-ISMM HTTP Abnormal Status DOS,e15=1:e16=1:e18=4:e32=1:e55=1:e89=2:e92=1:e122=7,18
647,2016-05-25 15:47,1.0,DOS-ISMM HTTP Abnormal Status DOS,e18=4:e55=1:e89=1:e92=1:e122=9,16
648,2016-05-25 15:48,1.0,DOS-ISMM HTTP Abnormal Status DOS,e18=2:e55=2:e122=8,12
649,2016-05-25 15:49,1.0,DOS-ISMM HTTP Abnormal Status DOS,e18=2:e55=2:e89=1:e122=8,13
650,2016-05-25 15:52,1.0,DOS-ISMM HTTP Abnormal Status DOS,e18=5:e55=4:e89=1:e92=1:e122=11,22
651,2016-05-25 16:10,1.0,DOS-ISMM HTTP Abnormal Status DOS,e15=1:e18=2:e32=1:e55=1:e89=2:e122=7,14
652,2016-05-25 17:02,1.0,DOS-ISMM HTTP Abnormal Status DOS,e18=3:e32=1:e69=2:e120=2:e122=5,13
653,2016-05-25 17:22,1.0,DOS-ISMM HTTP Abnormal Status DOS,e18=2:e89=2:e92=1:e115=1:e122=4,10
654,2016-05-25 17:26,1.0,DOS-ISMM HTTP Abnormal Status DOS,e18=6:e29=1:e55=1:e69=1:e122=7,16
655,2016-05-25 17:34,1.0,DOS-ISMM HTTP Abnormal Status DOS,e16=1:e18=1:e55=1:e84=1:e89=2:e122=4,10
656,2016-05-25 17:42,1.0,DOS-ISMM HTTP Abnormal Status DOS,e18=2:e55=3:e89=1:e122=4,10
657,2016-05-25 17:49,1.0,ISMM-2 SNIPER applist.asp WEB_APP_VULNERABILITY,e18=2:e55=1:e74=1:e89=3:e98=1:e122=6,14
658,2016-05-25 17:54,1.0,DOS-ISMM HTTP Abnormal Status DOS,e18=2:e55=2:e75=1:e89=2:e122=7,14
659,2016-05-25 17:58,1.0,DOS-ISMM HTTP Abnormal Status DOS,e18=2:e69=1:e122=6,9
660,2016-05-25 18:07,1.0,DOS-ISMM HTTP Abnormal Status DOS,e18=1:e122=5,6
661,2016-05-25 18:08,1.0,DOS-ISMM HTTP Abnormal Status DOS,e18=2:e55=2:e69=2:e84=1:e122=9,16
662,2016-05-25 18:26,1.0,DOS-ISMM HTTP Abnormal Status DOS,e55=2:e69=1:e89=2:e92=1:e122=4,10
663,2016-05-25 20:37,1.0,DOS-ISMM HTTP Abnormal Status DOS,e18=3:e55=3:e65=1:e69=1:e89=1:e122=3,12
664,2016-05-25 21:06,1.0,DOS-ISMM HTTP Abnormal Status DOS,e18=2:e69=1,3
665,2016-05-26 12:25,1.0,ISMM-1 SNIPER SQL Query Injection Vulnerability APP_VULNERABILITY,e18=3:e26=1:e34=1:e55=3:e65=1:e74=1:e89=2:e91=1:e98=1:e122=12,26
666,2016-05-26 13:31,1.0,DOS-ISMM HTTP Abnormal Status DOS,e13=1:e18=4:e29=1:e55=2:e65=1:e89=3:e122=9,21
667,2016-05-26 17:05,1.0,DOS-ISMM HTTP Abnormal Status DOS,e18=5:e65=1:e122=7,13
668,2016-05-26 17:17,1.0,DOS-ISMM HTTP Abnormal Status DOS,e18=2:e29=1:e34=1:e89=1:e122=2,7
669,2016-05-26 17:18,1.0,DOS-ISMM HTTP Abnormal Status DOS,e18=4:e32=1:e34=1:e55=1:e69=2:e105=1:e118=1:e122=5,16
670,2016-05-26 17:20,1.0,DOS-ISMM HTTP Abnormal Status DOS,e18=4:e54=1:e55=2:e69=1:e122=3,11
671,2016-05-26 17:21,1.0,DOS-ISMM HTTP Abnormal Status DOS,e18=5:e69=1:e122=5,11
672,2016-05-26 17:52,1.0,DOS-ISMM HTTP Abnormal Status DOS,e34=1:e55=1:e69=2:e122=2,6
673,2016-05-26 19:58,1.0,DOS-ISMM HTTP Abnormal Status DOS,e18=1:e32=1:e55=3:e69=2:e89=1,8
674,2016-05-26 20:17,1.0,DOS-ISMM HTTP Abnormal Status DOS,e18=1:e55=1:e69=1:e89=1:e122=1,5
675,2016-05-26 21:19,1.0,DOS-ISMM HTTP Abnormal Status DOS,e18=3:e122=1,4
676,2016-05-27 00:50,1.0,ISMM-1 SNIPER SQL Query Injection Vulnerability(;DECLARE%20@) Sql_Injection,e34=1:e69=1:e90=1,3
677,2016-05-27 08:35,1.0,ISMM-2 SNIPER applist.asp WEB_APP_VULNERABILITY,e18=1:e26=1:e34=1:e55=1:e65=1:e98=1:e122=5,11
678,2016-05-27 13:09,1.0,DOS-ISMM HTTP Abnormal Status DOS,e18=3:e26=2:e55=2:e65=2:e84=1:e89=2:e115=2:e122=7,21
679,2016-05-27 13:35,1.0,DOS-ISMM HTTP Abnormal Status DOS,e18=3:e26=1:e55=4:e65=1:e89=2:e115=2:e122=5,18
680,2016-05-27 13:50,1.0,DOS-ISMM HTTP Abnormal Status DOS,e18=4:e26=1:e55=1:e65=1:e69=5:e89=2:e91=1:e122=10,25
681,2016-05-27 15:30,1.0,DOS-ISMM HTTP Abnormal Status DOS,e18=2:e26=1:e55=2:e65=1:e91=1:e115=1:e122=7,15
682,2016-05-27 17:30,1.0,DOS-ISMM HTTP Abnormal Status DOS,e55=2:e65=1:e89=1:e122=6,10
683,2016-05-27 17:30,1.0,DOS-ISMM HTTP Abnormal Status DOS,e55=2:e65=1:e89=1:e122=6,10
684,2016-05-27 17:31,1.0,DOS-ISMM HTTP Abnormal Status DOS,e18=2:e55=1:e65=1:e74=1:e89=1:e122=5,11
685,2016-05-27 17:31,1.0,DOS-ISMM HTTP Abnormal Status DOS,e18=2:e55=1:e65=1:e74=1:e89=1:e122=5,11
686,2016-05-27 18:14,1.0,DOS-ISMM HTTP Abnormal Status DOS,e18=1:e34=1:e54=1:e65=1:e69=1:e84=2:e122=6,13
687,2016-05-27 18:14,1.0,DOS-ISMM HTTP Abnormal Status DOS,e18=1:e34=1:e54=1:e65=1:e69=1:e84=2:e122=6,13
688,2016-05-27 20:02,1.0,DOS-ISMM HTTP Abnormal Status DOS,e122=3,3
689,2016-05-27 20:02,1.0,DOS-ISMM HTTP Abnormal Status DOS,e122=3,3
690,2016-05-30 10:32,1.0,DOS-ISMM HTTP Abnormal Status DOS,e18=1:e55=2:e89=1:e122=6,10
691,2016-05-30 12:32,1.0,ISMM-1 SNIPER SQL Query Injection Vulnerability APP_VULNERABILITY,e18=3:e26=6:e55=1:e65=3:e69=3:e74=2:e84=1:e115=1:e122=10,30
692,2016-05-30 13:27,1.0,DOS-ISMM HTTP Abnormal Status DOS,e18=7:e26=1:e55=2:e65=3:e69=1:e74=1:e89=2:e92=1:e122=10,28
693,2016-05-30 15:26,1.0,DOS-ISMM HTTP Abnormal Status DOS,e18=6:e26=1:e55=2:e65=1:e74=1:e89=1:e92=1:e122=12,25
694,2016-05-30 15:27,1.0,DOS-ISMM HTTP Abnormal Status DOS,e18=3:e26=3:e28=1:e55=2:e65=1:e84=1:e89=1:e115=1:e122=4,17
695,2016-05-30 15:34,1.0,ISMM-2 SNIPER applist.asp WEB_APP_VULNERABILITY,e18=2:e29=1:e55=3:e89=2:e122=12,20
696,2016-05-30 17:46,1.0,DOS-ISMM HTTP Abnormal Status DOS,e18=1:e26=1:e29=1:e55=2:e65=1:e84=1:e122=4,11
697,2016-05-30 20:37,1.0,DOS-ISMM HTTP Abnormal Status DOS,e18=1:e55=1:e84=1:e122=3,6
698,2016-05-30 22:24,1.0,DOS-ISMM HTTP Abnormal Status DOS,e32=1:e56=1:e122=1,3
699,2016-05-30 22:27,1.0,DOS-ISMM HTTP Abnormal Status DOS,e55=1:e122=1,2
700,2016-05-30 22:40,1.0,DOS-ISMM HTTP Abnormal Status DOS,e18=1:e34=2:e122=1,4
701,2016-05-31 10:22,1.0,DOS-ISMM HTTP Abnormal Status DOS,e18=2:e30=1:e34=1:e55=1:e74=1:e122=2,8
702,2016-05-31 13:08,1.0,DOS-ISMM HTTP Abnormal Status DOS,e18=5:e26=1:e27=1:e54=1:e55=1:e65=3:e69=1:e122=11,24
703,2016-05-31 13:09,1.0,DOS-ISMM HTTP Abnormal Status DOS,e18=6:e55=6:e56=1:e69=2:e89=2:e115=1:e122=13,31
704,2016-05-31 14:46,1.0,DOS-ISMM HTTP Abnormal Status DOS,e18=6:e34=1:e55=2:e56=1:e75=1:e84=1:e89=3:e122=10,25
705,2016-05-31 15:11,1.0,DOS-ISMM HTTP Abnormal Status DOS,e18=7:e55=4:e65=1:e75=1:e89=1:e122=6,20
706,2016-05-31 15:13,1.0,DOS-ISMM HTTP Abnormal Status DOS,e18=2:e32=1:e55=2:e74=1:e89=2:e122=18,26
707,2016-05-31 16:41,1.0,DOS-ISMM HTTP Abnormal Status DOS,e18=1:e34=1:e92=1:e122=7,10
708,2016-05-31 18:28,1.0,DOS-ISMM HTTP Abnormal Status DOS,e18=5:e32=2:e55=5:e74=1:e122=2,15
709,2016-05-31 21:23,1.0,DOS-ISMM HTTP Abnormal Status DOS,e55=1:e89=2,3
710,2016-05-31 21:24,1.0,DOS-ISMM HTTP Abnormal Status DOS,e18=1:e29=1:e55=1:e89=2,5
711,2016-05-31 21:25,1.0,DOS-ISMM HTTP Abnormal Status DOS,e30=1:e55=2:e69=1:e89=1:e122=1,6
712,2016-06-01 12:24,1.0,ISMM-1 SNIPER SQL Query Injection Vulnerability(;DECLARE%20@) Sql_Injection,e18=3:e30=1:e55=2:e89=1:e90=4:e122=9,20
713,2016-06-01 13:10,1.0,DOS-ISMM HTTP Abnormal Status DOS,e15=1:e18=6:e34=1:e55=1:e69=1:e74=1:e89=2:e90=3:e92=3:e122=12,31
714,2016-06-01 14:20,1.0,DOS-ISMM HTTP Abnormal Status DOS,e18=1:e55=4:e89=3:e91=1:e122=9,18
715,2016-06-01 16:13,1.0,DOS-ISMM HTTP Abnormal Status DOS,e2=1:e15=1:e18=3:e55=1:e74=1:e84=1:e89=1:e122=7,16
716,2016-06-01 16:28,1.0,ISMM-1 SNIPER SQL Query Injection Vulnerability(;DECLARE%20@) Sql_Injection,e18=3:e28=1:e30=1:e55=1:e69=2:e89=1:e90=4:e122=1,14
717,2016-06-01 16:33,1.0,ISMM-1 SNIPER SQL Query Injection Vulnerability(;DECLARE%20@) Sql_Injection,e2=1:e18=2:e55=3:e74=1:e84=1:e90=4:e122=4,16
718,2016-06-01 16:42,1.0,DOS-ISMM HTTP Abnormal Status DOS,e18=5:e55=2:e69=1:e89=1:e90=3:e122=4,16
719,2016-06-01 16:49,1.0,ISMM-1 SNIPER SQL Query Injection Vulnerability(;DECLARE%20@) Sql_Injection,e18=3:e32=1:e55=4:e69=1:e89=1:e90=5:e122=5,20
720,2016-06-01 16:57,1.0,ISMM-1 SNIPER SQL Query Injection Vulnerability(;DECLARE%20@) Sql_Injection,e18=5:e55=1:e90=4:e122=7,17
721,2016-06-01 17:12,1.0,DOS-ISMM HTTP Abnormal Status DOS,e18=5:e55=2:e90=2:e122=4,13
722,2016-06-01 18:24,1.0,DOS-ISMM HTTP Abnormal Status DOS,e18=1:e55=1:e84=2:e89=3:e122=9,16
723,2016-06-01 18:31,1.0,DOS-ISMM HTTP Abnormal Status DOS,e18=2:e55=1:e84=1:e89=2:e122=7,13
724,2016-06-01 20:21,1.0,ISMM-1 SNIPER SQL Query Injection Vulnerability(;DECLARE%20@) Sql_Injection,e30=1:e55=1:e69=1:e84=2:e90=5:e122=2,12
725,2016-06-01 20:40,1.0,ISMM-1 SNIPER SQL Query Injection Vulnerability(;DECLARE%20@) Sql_Injection,e32=1:e55=4:e84=1:e122=2,8
726,2016-06-02 12:31,1.0,DOS-ISMM HTTP Abnormal Status DOS,e2=1:e18=2:e26=1:e55=2:e65=2:e69=3:e89=2:e122=10,23
727,2016-06-02 14:22,1.0,DOS-ISMM HTTP Abnormal Status DOS,e18=1:e26=1:e32=1:e55=2:e65=1:e89=1:e115=1:e122=10,18
728,2016-06-02 14:29,1.0,DOS-ISMM HTTP Abnormal Status DOS,e18=4:e55=2:e65=1:e69=1:e74=1:e89=1:e92=1:e122=10,21
729,2016-06-03 10:03,1.0,ISMM-1 SNIPER SQL Query Injection Vulnerability(;DECLARE%20@) Sql_Injection,e84=2:e90=3:e122=4,9
730,2016-06-03 10:18,1.0,ISMM-1 SNIPER SQL Query Injection Vulnerability(;DECLARE%20@) Sql_Injection,e18=1:e29=1:e69=1:e84=1:e90=3,7
731,2016-06-03 12:40,1.0,ISMM-1 SNIPER SQL Query Injection Vulnerability(;DECLARE%20@) Sql_Injection,e18=2:e30=2:e55=3:e56=8:e69=1:e75=1:e84=1:e89=2:e90=1:e122=7,28
732,2016-06-04 00:02,1.0,ISMM-1 SNIPER SQL Query Injection Vulnerability(;DECLARE%20@) Sql_Injection,e90=2,2
733,2016-06-04 01:52,1.0,ISMM-1 SNIPER SQL Query Injection Vulnerability(;DECLARE%20@) Sql_Injection,e90=2,2
734,2016-06-04 12:17,1.0,ISMM-1 SNIPER SQL Query Injection Vulnerability(;DECLARE%20@) Sql_Injection,e30=1:e69=1:e90=4:e122=1,7
735,2016-06-04 12:20,1.0,ISMM-2 SNIPER applist.asp WEB_APP_VULNERABILITY,e84=5:e89=1:e90=1:e122=1,8
736,2016-06-04 14:02,1.0,ISMM-1 SNIPER SQL Query Injection Vulnerability(;DECLARE%20@) Sql_Injection,e69=1:e84=4:e90=4:e122=1,10
737,2016-06-04 15:43,1.0,ISMM-1 SNIPER SQL Query Injection Vulnerability(;DECLARE%20@) Sql_Injection,e84=1:e90=3:e92=1:e122=1,6
738,2016-06-04 20:09,1.0,ISMM-2 SNIPER /readme.txt WEB_APP_VULNERABILITY,e84=2,2
739,2016-06-04 20:09,1.0,ISMM-2 SNIPER /readme.txt WEB_APP_VULNERABILITY,e84=2,2
740,2016-06-04 20:09,1.0,ISMM-2 SNIPER /readme.txt WEB_APP_VULNERABILITY,e84=2,2
741,2016-06-04 20:09,1.0,ISMM-2 SNIPER /readme.txt WEB_APP_VULNERABILITY,e84=2,2
742,2016-06-04 20:09,1.0,ISMM-2 SNIPER /readme.txt WEB_APP_VULNERABILITY,e84=2,2
743,2016-06-04 20:09,1.0,ISMM-2 SNIPER /readme.txt WEB_APP_VULNERABILITY,e84=2,2
744,2016-06-04 20:09,1.0,ISMM-2 SNIPER /readme.txt WEB_APP_VULNERABILITY,e84=2,2
745,2016-06-04 20:09,1.0,ISMM-2 SNIPER /readme.txt WEB_APP_VULNERABILITY,e84=2,2
746,2016-06-04 20:09,1.0,ISMM-2 SNIPER /readme.txt WEB_APP_VULNERABILITY,e84=2,2
747,2016-06-04 20:09,1.0,ISMM-2 SNIPER /readme.txt WEB_APP_VULNERABILITY,e84=2,2
748,2016-06-04 20:09,1.0,ISMM-2 SNIPER /readme.txt WEB_APP_VULNERABILITY,e84=2,2
749,2016-06-04 20:09,1.0,ISMM-2 SNIPER /readme.txt WEB_APP_VULNERABILITY,e84=2,2
750,2016-06-04 20:09,1.0,ISMM-2 SNIPER /readme.txt WEB_APP_VULNERABILITY,e84=2,2
751,2016-06-04 20:09,1.0,ISMM-2 SNIPER /readme.txt WEB_APP_VULNERABILITY,e84=2,2
752,2016-06-04 20:09,1.0,ISMM-2 SNIPER /readme.txt WEB_APP_VULNERABILITY,e84=2,2
753,2016-06-04 20:10,1.0,ISMM-2 SNIPER /readme.txt WEB_APP_VULNERABILITY,e84=1:e109=20,21
754,2016-06-04 20:10,1.0,ISMM-2 SNIPER /readme.txt WEB_APP_VULNERABILITY,e84=1:e109=20,21
755,2016-06-05 00:15,1.0,ISMM-1 SNIPER SQL Query Injection Vulnerability(;DECLARE%20@) Sql_Injection,e69=1:e75=1:e84=1:e90=4,7
756,2016-06-05 18:19,1.0,ISMM-1 SNIPER SQL Query Injection Vulnerability(;DECLARE%20@) Sql_Injection,e69=1:e90=6:e122=2,9
757,2016-06-06 12:15,1.0,ISMM-1 SNIPER SQL Query Injection Vulnerability(;DECLARE%20@) Sql_Injection,e34=1:e55=1:e69=1:e90=1:e122=6,10
758,2016-06-06 12:20,1.0,ISMM-1 SNIPER SQL Query Injection Vulnerability(;DECLARE%20@) Sql_Injection,e30=1:e32=1:e55=1:e69=2:e74=1:e81=1:e84=1:e89=3:e90=2:e122=2,15
759,2016-06-06 14:45,1.0,ISMM-1 SNIPER SQL Query Injection Vulnerability(;DECLARE%20@) Sql_Injection,e90=2:e122=2,4
760,2016-06-07 22:27,1.0,DOS-ISMM HTTP Abnormal Status DOS,e18=1:e55=1:e84=1:e122=1,4
761,2016-06-07 23:57,1.0,ISMM-1 SNIPER Joomla HTTP Header Remote Code Execution,e69=4,4
762,2016-06-08 13:53,1.0,DOS-ISMM HTTP Abnormal Status DOS,e18=7:e29=1:e32=1:e55=9:e74=1:e89=2:e92=1:e120=2:e122=5,29
763,2016-06-08 20:41,1.0,DOS-ISMM HTTP Abnormal Status DOS,e55=2:e84=1,3
764,2016-06-08 22:47,1.0,DOS-ISMM HTTP Abnormal Status DOS,e34=2:e69=6:e122=1,9
765,2016-06-09 17:05,1.0,ISMM-1 SNIPER Joomla HTTP Header Remote Code Execution,e18=4:e55=1:e69=3:e84=6:e89=1:e122=6,21
766,2016-06-10 10:14,1.0,ISMM-1 SNIPER SQL Query Injection Vulnerability(;DECLARE%20@) Sql_Injection,e18=1:e69=1:e84=1:e90=1:e122=1,5
767,2016-06-10 14:26,1.0,ISMM-1 SNIPER SQL Query Injection Vulnerability(;DECLARE%20@) Sql_Injection,e18=7:e26=1:e55=5:e65=3:e69=2:e74=1:e90=7:e122=4,30
768,2016-06-10 15:40,1.0,DOS-ISMM HTTP Abnormal Status DOS,e18=4:e55=2:e60=2:e69=2:e89=1:e92=1:e120=2:e122=9,23
769,2016-06-10 15:49,1.0,DOS-ISMM HTTP Abnormal Status DOS,e18=1:e30=1:e55=1:e122=3,6
770,2016-06-10 16:43,1.0,DOS-ISMM HTTP Abnormal Status DOS,e18=1:e69=1:e84=3:e89=2:e122=2,9
771,2016-06-10 16:43,1.0,DOS-ISMM HTTP Abnormal Status DOS,e18=1:e69=1:e84=3:e89=2:e122=2,9
772,2016-06-10 16:48,1.0,DOS-ISMM HTTP Abnormal Status DOS,e18=6:e55=1:e75=2:e89=1:e122=2,12
773,2016-06-10 16:48,1.0,DOS-ISMM HTTP Abnormal Status DOS,e18=6:e55=1:e75=2:e89=1:e122=2,12
774,2016-06-10 17:37,1.0,ISMM-1 SNIPER SQL Query Injection Vulnerability(;DECLARE%20@) Sql_Injection,e18=4:e69=1:e74=1:e122=4,10
775,2016-06-10 17:40,1.0,DOS-ISMM HTTP Abnormal Status DOS,e18=2:e69=1:e90=1:e122=2,6
776,2016-06-12 09:54,1.0,ISMM-1 SNIPER Joomla HTTP Header Remote Code Execution,e34=1:e69=3:e122=1,5
777,2016-06-13 14:21,1.0,DOS-ISMM HTTP Abnormal Status DOS,e30=1:e55=3:e89=3:e115=1:e122=13,21
778,2016-06-13 16:16,1.0,DOS-ISMM HTTP Abnormal Status DOS,e18=7:e55=1:e84=3:e89=2:e122=2,15
779,2016-06-13 17:19,1.0,DOS-ISMM HTTP Abnormal Status DOS,e18=3:e55=3:e92=1:e122=1,8
780,2016-06-13 20:58,1.0,ISMM-1 SNIPER union all select (SQL Query Injection Vulnerability(union all select)) WEB_APP_VULNERABILITY,e34=1:e55=1:e121=1:e122=2,5
781,2016-06-14 08:59,1.0,ISMM-2 SNIPER applist.asp WEB_APP_VULNERABILITY,e32=1:e111=1:e122=1,3
782,2016-06-15 14:36,1.0,DOS-ISMM HTTP Abnormal Status DOS,e18=3:e55=3:e84=1:e89=2:e92=1:e122=6,16
783,2016-06-15 15:28,1.0,DOS-ISMM HTTP Abnormal Status DOS,e18=4:e55=3:e69=1:e122=2,10
784,2016-06-15 16:53,1.0,DOS-ISMM HTTP Abnormal Status DOS,e18=3:e32=1:e55=1:e69=2:e81=1:e89=2:e122=3,13
785,2016-06-16 14:46,1.0,DOS-ISMM HTTP Abnormal Status DOS,e18=2:e26=1:e55=1:e65=1:e69=1:e75=1:e89=2:e122=9,18
786,2016-06-16 15:51,1.0,DOS-ISMM HTTP Abnormal Status DOS,e18=3:e55=2:e92=1:e122=8,14
787,2016-06-16 17:50,1.0,DOS-ISMM HTTP Abnormal Status DOS,e18=4:e55=2:e69=1:e75=2:e84=1:e122=2,12
788,2016-06-16 21:49,1.0,DOS-ISMM HTTP Abnormal Status DOS,e55=1:e122=2,3
789,2016-06-17 07:22,1.0,ISMM-2 SNIPER applist.asp WEB_APP_VULNERABILITY,e26=1:e65=1:e84=1:e122=2,5
790,2016-06-17 13:26,1.0,DOS-ISMM HTTP Abnormal Status DOS,e2=1:e18=4:e74=1:e84=1:e122=9,16
791,2016-06-17 14:17,1.0,DOS-ISMM HTTP Abnormal Status DOS,e18=3:e84=1:e91=1:e122=9,14
792,2016-06-17 15:21,1.0,DOS-ISMM HTTP Abnormal Status DOS,e16=1:e18=3:e32=1:e34=1:e55=1:e60=1:e69=1:e74=2:e84=1:e89=2:e122=6,20
793,2016-06-17 16:23,1.0,DOS-ISMM HTTP Abnormal Status DOS,e18=6:e32=1:e55=1:e69=1:e84=2:e89=1:e115=2,14
794,2016-06-17 16:38,1.0,DOS-ISMM HTTP Abnormal Status DOS,e18=5:e34=1:e55=1:e74=1:e84=2:e122=3,13
795,2016-06-17 16:46,1.0,DOS-ISMM HTTP Abnormal Status DOS,e18=2:e69=1:e74=1:e122=1,5
796,2016-06-20 13:22,1.0,DOS-ISMM HTTP Abnormal Status DOS,e18=5:e55=3:e69=3:e84=1:e89=1:e92=1:e122=11,25
797,2016-06-20 13:51,1.0,DOS-ISMM HTTP Abnormal Status DOS,e18=4:e54=1:e55=6:e65=1:e84=1:e89=1:e122=6,20
798,2016-06-20 13:52,1.0,DOS-ISMM HTTP Abnormal Status DOS,e18=2:e55=3:e65=1:e84=1:e89=2:e122=10,19
799,2016-06-21 13:19,1.0,DOS-ISMM HTTP Abnormal Status DOS,e18=1:e55=2:e65=2:e66=1:e74=1:e89=2:e115=1:e122=3,13
800,2016-06-21 14:28,1.0,DOS-ISMM HTTP Abnormal Status DOS,e18=3:e26=1:e55=1:e65=1:e74=3:e92=1:e122=8,18
801,2016-06-21 15:46,1.0,DOS-ISMM HTTP Abnormal Status DOS,e34=1:e55=1:e69=1:e89=2:e115=1:e122=8,14
802,2016-06-21 16:58,1.0,DOS-ISMM HTTP Abnormal Status DOS,e18=1:e69=1:e122=2,4
803,2016-06-21 17:41,1.0,DOS-ISMM HTTP Abnormal Status DOS,e55=1:e89=1:e122=2,4
804,2016-06-21 17:42,1.0,DOS-ISMM HTTP Abnormal Status DOS,e18=2,2
805,2016-06-21 17:52,1.0,DOS-ISMM HTTP Abnormal Status DOS,e18=2:e32=2:e55=2:e122=4,10
806,2016-06-21 18:29,1.0,DOS-ISMM HTTP Abnormal Status DOS,e18=1:e55=1:e122=5,7
807,2016-06-21 19:36,1.0,DOS-ISMM HTTP Abnormal Status DOS,e18=2:e34=1:e122=3,6
808,2016-06-21 19:36,1.0,DOS-ISMM HTTP Abnormal Status DOS,e18=2:e34=1:e122=3,6
809,2016-06-22 13:35,1.0,DOS-ISMM HTTP Abnormal Status DOS,e18=1:e26=1:e34=2:e55=2:e84=1:e92=2:e122=9,18
810,2016-06-22 14:32,1.0,DOS-ISMM HTTP Abnormal Status DOS,e18=3:e55=2:e69=1:e75=1:e89=1:e122=11,19
811,2016-06-22 14:35,1.0,DOS-ISMM HTTP Abnormal Status DOS,e18=6:e55=2:e65=1:e74=1:e89=4:e122=5,19
812,2016-06-22 14:38,1.0,DOS-ISMM HTTP Abnormal Status DOS,e18=1:e34=1:e55=1:e75=3:e89=4:e122=8,18
813,2016-06-22 14:42,1.0,DOS-ISMM HTTP Abnormal Status DOS,e18=3:e55=1:e74=1:e75=1:e115=1:e122=7,14
814,2016-06-22 14:59,1.0,DOS-ISMM HTTP Abnormal Status DOS,e18=5:e28=1:e32=1:e55=3:e65=2:e74=1:e122=10,23
815,2016-06-22 15:23,1.0,DOS-ISMM HTTP Abnormal Status DOS,e18=3:e41=2:e55=2:e69=1:e98=2:e122=3,13
816,2016-06-22 16:18,1.0,DOS-ISMM HTTP Abnormal Status DOS,e18=2:e20=1:e34=1:e55=3:e84=1:e89=1:e122=3,12
817,2016-06-22 16:24,1.0,DOS-ISMM HTTP Abnormal Status DOS,e18=2:e20=1:e55=2:e74=1:e89=1:e122=3,10
818,2016-06-23 10:26,1.0,ISMM-2 SNIPER applist.asp WEB_APP_VULNERABILITY,e18=2:e84=2:e122=3,7
819,2016-06-23 14:49,1.0,DOS-ISMM HTTP Abnormal Status DOS,e18=4:e26=1:e55=1:e65=1:e69=1:e74=1:e122=6,15
820,2016-06-23 16:27,1.0,DOS-ISMM HTTP Abnormal Status DOS,e18=5:e65=1:e69=1:e84=2:e89=1:e122=3,13
821,2016-06-24 14:36,1.0,DOS-ISMM HTTP Abnormal Status DOS,e18=2:e65=1:e69=1:e74=1:e84=2:e86=1:e89=1:e122=11,20
822,2016-06-24 15:24,1.0,DOS-ISMM HTTP Abnormal Status DOS,e18=1:e26=1:e55=1:e65=2:e84=2:e89=2:e122=7,16
823,2016-06-24 15:50,1.0,ISMM-1 SNIPER union all select (SQL Query Injection Vulnerability(union all select)) WEB_APP_VULNERABILITY,e18=4:e28=1:e55=2:e69=2:e84=3:e89=1:e93=1:e122=7,21
824,2016-06-24 18:43,1.0,DOS-ISMM HTTP Abnormal Status DOS,e18=2:e32=1:e84=1:e122=1,5
825,2016-06-24 18:44,1.0,DOS-ISMM HTTP Abnormal Status DOS,e18=5:e55=2:e74=1:e84=1:e89=1:e122=2,12
826,2016-06-26 08:05,1.0,ISMM-1 SNIPER Server Side Script File Upload(PHP) WebShell_Detect,e34=1:e69=1:e89=1,3
827,2016-06-27 06:44,1.0,ISMM-2 SNIPER applist.asp WEB_APP_VULNERABILITY,e65=1:e69=1:e74=2:e84=1:e122=1,6
828,2016-06-27 12:16,1.0,ISMM-1 SNIPER CDE dtspcd Buffer Overflow APP_VULNERABILITY,e18=2:e26=3:e32=2:e55=5:e65=1:e74=1:e89=1:e122=7,22
829,2016-06-27 16:44,1.0,DOS-ISMM HTTP Abnormal Status DOS,e18=2:e26=3:e65=1:e69=4:e84=1:e122=4,15
830,2016-06-27 18:55,1.0,DOS-ISMM HTTP Abnormal Status DOS,e32=1:e34=1:e84=1:e122=5,8
831,2016-06-28 06:49,1.0,ISMM-1 SNIPER SQL Query Injection Vulnerability APP_VULNERABILITY,e26=2:e36=1:e65=1:e69=2:e84=1:e122=3,10
832,2016-06-28 08:25,1.0,ISMM-2 SNIPER applist.asp WEB_APP_VULNERABILITY,e26=4:e30=1:e55=1:e65=1:e69=1:e84=2:e122=6,16
833,2016-06-28 13:23,1.0,DOS-ISMM HTTP Abnormal Status DOS,e26=3:e60=2:e65=1:e69=2:e84=1:e89=3:e92=3:e93=2:e118=1:e122=8,26
834,2016-06-28 13:43,1.0,DOS-ISMM HTTP Abnormal Status DOS,e18=1:e26=1:e55=3:e60=2:e65=1:e69=2:e74=2:e75=3:e89=2:e98=3:e115=1:e122=9,30
835,2016-06-28 15:19,1.0,DOS-ISMM HTTP Abnormal Status DOS,e32=1:e56=1:e65=2:e122=6,10
836,2016-06-28 20:15,1.0,DOS-ISMM HTTP Abnormal Status DOS,e18=1:e32=1:e55=3:e69=1:e84=1,7
837,2016-06-29 09:25,1.0,ISMM-1 SNIPER Joomla HTTP Header Remote Code Execution,e18=2:e26=4:e65=1:e76=8:e84=1:e122=3,19
838,2016-06-29 13:24,1.0,DOS-ISMM HTTP Abnormal Status DOS,e18=3:e26=2:e55=1:e65=1:e69=2:e84=2:e89=2:e91=1:e122=8,22
839,2016-06-29 15:27,1.0,DOS-ISMM HTTP Abnormal Status DOS,e18=3:e34=1:e69=1:e84=1:e89=2:e91=1:e122=10,19
840,2016-06-29 15:28,1.0,DOS-ISMM HTTP Abnormal Status DOS,e18=4:e69=2:e84=1:e122=6,13
841,2016-06-29 15:53,1.0,DOS-ISMM HTTP Abnormal Status DOS,e18=5:e34=1:e55=1:e84=3:e89=2:e92=1:e122=4,17
842,2016-06-29 16:02,1.0,DOS-ISMM HTTP Abnormal Status DOS,e18=3:e55=1:e89=1:e115=1:e122=2,8
843,2016-06-29 16:38,1.0,DOS-ISMM HTTP Abnormal Status DOS,e18=1:e32=1:e55=3:e122=4,9
844,2016-06-29 17:40,1.0,DOS-ISMM HTTP Abnormal Status DOS,e34=1:e55=1:e84=2:e122=2,6
845,2016-06-29 17:59,1.0,DOS-ISMM HTTP Abnormal Status DOS,e18=1:e55=1:e122=1,3
846,2016-06-29 18:04,1.0,DOS-ISMM HTTP Abnormal Status DOS,e34=1:e55=2:e84=1:e89=2:e122=6,12
847,2016-06-29 20:40,1.0,DOS-ISMM HTTP Abnormal Status DOS,e84=2:e122=3,5
848,2016-06-30 06:57,1.0,ISMM-1 SNIPER Directory Traversal Attack(/../../../) Directory_Traversal,e18=1:e55=1:e56=1:e65=1:e84=1:e122=10,15
849,2016-06-30 13:43,1.0,DOS-ISMM HTTP Abnormal Status DOS,e18=4:e55=9:e84=3:e89=2:e91=1:e122=17,36
850,2016-06-30 13:54,1.0,DOS-ISMM HTTP Abnormal Status DOS,e18=2:e55=3:e65=1:e69=2:e74=1:e84=1:e89=3:e122=15,28
851,2016-06-30 15:01,1.0,DOS-ISMM HTTP Abnormal Status DOS,e18=5:e26=1:e55=3:e60=1:e65=2:e69=1:e84=1:e115=1:e122=6,21
852,2016-06-30 15:03,1.0,DOS-ISMM HTTP Abnormal Status DOS,e18=4:e55=2:e65=1:e69=2:e84=1:e89=2:e115=3:e122=11,26
853,2016-06-30 15:04,1.0,DOS-ISMM HTTP Abnormal Status DOS,e18=5:e26=1:e55=4:e65=2:e84=1:e89=1:e122=12,26
854,2016-06-30 15:15,1.0,DOS-ISMM HTTP Abnormal Status DOS,e16=1:e18=8:e26=1:e55=2:e65=1:e74=1:e84=1:e92=1:e115=1:e122=9,26
855,2016-06-30 15:16,1.0,DOS-ISMM HTTP Abnormal Status DOS,e18=9:e65=1:e84=1:e89=2:e115=1:e122=11,25
856,2016-06-30 15:18,1.0,DOS-ISMM HTTP Abnormal Status DOS,e16=1:e18=5:e55=3:e65=2:e122=4,15
857,2016-06-30 15:23,1.0,DOS-ISMM HTTP Abnormal Status DOS,e18=3:e26=2:e54=1:e55=2:e65=3:e84=1:e122=8,20
858,2016-06-30 15:36,1.0,DOS-ISMM HTTP Abnormal Status DOS,e18=6:e55=2:e89=1:e122=7,16
859,2016-06-30 15:38,1.0,DOS-ISMM HTTP Abnormal Status DOS,e18=3:e26=1:e55=2:e84=1:e89=2:e92=1:e122=7,17
860,2016-06-30 15:43,1.0,DOS-ISMM HTTP Abnormal Status DOS,e18=5:e55=2:e84=5:e91=1:e122=2,15
861,2016-06-30 16:25,1.0,DOS-ISMM HTTP Abnormal Status DOS,e18=1:e84=1:e89=1:e122=4,7
862,2016-06-30 16:29,1.0,DOS-ISMM HTTP Abnormal Status DOS,e16=1:e18=2:e55=1:e69=1:e84=1:e122=4,10
863,2016-06-30 16:30,1.0,DOS-ISMM HTTP Abnormal Status DOS,e18=3:e55=2:e84=1:e89=2:e122=2,10
864,2016-06-30 17:41,1.0,DOS-ISMM HTTP Abnormal Status DOS,e18=1:e55=2:e69=2:e74=1:e84=1:e89=3:e122=2,12
865,2016-06-30 17:45,1.0,DOS-ISMM HTTP Abnormal Status DOS,e18=1:e30=1:e55=2:e69=2:e74=1:e84=2:e89=2:e122=4,15
866,2016-06-30 17:50,1.0,DOS-ISMM HTTP Abnormal Status DOS,e18=1:e30=1:e55=2:e69=1:e84=1:e89=2:e120=2:e122=6,16
867,2016-06-30 17:56,1.0,DOS-ISMM HTTP Abnormal Status DOS,e18=2:e32=1:e34=1:e55=1:e69=3:e84=1:e122=7,16
868,2016-06-30 18:32,1.0,DOS-ISMM HTTP Abnormal Status DOS,e18=1:e55=1:e84=1:e122=1,4
