,,,,,,,,,  TF,IDF,TF-IDF
1,2016-04-06 20:57,10,ISMM-1 SNIPER and sleep( (Blind SQL Sleep() Query Injection Vul-3),66,e3,1,8,61,0.015151515,0.882239848,0.01336727
1,2016-04-06 20:57,10,ISMM-1 SNIPER and sleep( (Blind SQL Sleep() Query Injection Vul-3),66,e18,4,34,61,0.060606061,0.253850918,0.015384904
1,2016-04-06 20:57,10,ISMM-1 SNIPER and sleep( (Blind SQL Sleep() Query Injection Vul-3),66,e32,3,26,61,0.045454545,0.370356487,0.016834386
1,2016-04-06 20:57,10,ISMM-1 SNIPER and sleep( (Blind SQL Sleep() Query Injection Vul-3),66,e34,2,45,61,0.03030303,0.132117321,0.004003555
1,2016-04-06 20:57,10,ISMM-1 SNIPER and sleep( (Blind SQL Sleep() Query Injection Vul-3),66,e55,10,37,61,0.151515152,0.217128111,0.032898199
1,2016-04-06 20:57,10,ISMM-1 SNIPER and sleep( (Blind SQL Sleep() Query Injection Vul-3),66,e62,4,11,61,0.060606061,0.74393715,0.0450871
1,2016-04-06 20:57,10,ISMM-1 SNIPER and sleep( (Blind SQL Sleep() Query Injection Vul-3),66,e69,2,52,61,0.03030303,0.069326491,0.002100803
1,2016-04-06 20:57,10,ISMM-1 SNIPER and sleep( (Blind SQL Sleep() Query Injection Vul-3),66,e84,5,35,61,0.075757576,0.241261791,0.018277408
1,2016-04-06 20:57,10,ISMM-1 SNIPER and sleep( (Blind SQL Sleep() Query Injection Vul-3),66,e89,3,36,61,0.045454545,0.229027334,0.010410333
1,2016-04-06 20:57,10,ISMM-1 SNIPER and sleep( (Blind SQL Sleep() Query Injection Vul-3),66,e90,1,39,61,0.015151515,0.194265228,0.002943413
1,2016-04-06 20:57,10,ISMM-1 SNIPER and sleep( (Blind SQL Sleep() Query Injection Vul-3),66,e122,31,47,61,0.46969697,0.113231977,0.053184717
2,2016-04-06 21:05,10,ISMM-1 SNIPER and sleep( (Blind SQL Sleep() Query Injection Vul-3),55,e3,6,8,61,0.109090909,0.882239848,0.096244347
2,2016-04-06 21:05,10,ISMM-1 SNIPER and sleep( (Blind SQL Sleep() Query Injection Vul-3),55,e18,4,34,61,0.072727273,0.253850918,0.018461885
2,2016-04-06 21:05,10,ISMM-1 SNIPER and sleep( (Blind SQL Sleep() Query Injection Vul-3),55,e32,1,26,61,0.018181818,0.370356487,0.006733754
2,2016-04-06 21:05,10,ISMM-1 SNIPER and sleep( (Blind SQL Sleep() Query Injection Vul-3),55,e34,1,45,61,0.018181818,0.132117321,0.002402133
2,2016-04-06 21:05,10,ISMM-1 SNIPER and sleep( (Blind SQL Sleep() Query Injection Vul-3),55,e55,4,37,61,0.072727273,0.217128111,0.015791135
2,2016-04-06 21:05,10,ISMM-1 SNIPER and sleep( (Blind SQL Sleep() Query Injection Vul-3),55,e62,3,11,61,0.054545455,0.74393715,0.04057839
2,2016-04-06 21:05,10,ISMM-1 SNIPER and sleep( (Blind SQL Sleep() Query Injection Vul-3),55,e84,6,35,61,0.109090909,0.241261791,0.026319468
2,2016-04-06 21:05,10,ISMM-1 SNIPER and sleep( (Blind SQL Sleep() Query Injection Vul-3),55,e89,3,36,61,0.054545455,0.229027334,0.0124924
2,2016-04-06 21:05,10,ISMM-1 SNIPER and sleep( (Blind SQL Sleep() Query Injection Vul-3),55,e122,27,47,61,0.490909091,0.113231977,0.055586607
3,2016-04-06 21:12,10,ISMM-1 SNIPER and sleep( (Blind SQL Sleep() Query Injection Vul-3),69,e3,7,8,61,0.101449275,0.882239848,0.089502593
3,2016-04-06 21:12,10,ISMM-1 SNIPER and sleep( (Blind SQL Sleep() Query Injection Vul-3),69,e18,5,34,61,0.072463768,0.253850918,0.018394994
3,2016-04-06 21:12,10,ISMM-1 SNIPER and sleep( (Blind SQL Sleep() Query Injection Vul-3),69,e32,1,26,61,0.014492754,0.370356487,0.005367485
3,2016-04-06 21:12,10,ISMM-1 SNIPER and sleep( (Blind SQL Sleep() Query Injection Vul-3),69,e34,1,45,61,0.014492754,0.132117321,0.001914744
3,2016-04-06 21:12,10,ISMM-1 SNIPER and sleep( (Blind SQL Sleep() Query Injection Vul-3),69,e55,9,37,61,0.130434783,0.217128111,0.028321058
3,2016-04-06 21:12,10,ISMM-1 SNIPER and sleep( (Blind SQL Sleep() Query Injection Vul-3),69,e62,4,11,61,0.057971014,0.74393715,0.043126791
3,2016-04-06 21:12,10,ISMM-1 SNIPER and sleep( (Blind SQL Sleep() Query Injection Vul-3),69,e84,1,35,61,0.014492754,0.241261791,0.003496548
3,2016-04-06 21:12,10,ISMM-1 SNIPER and sleep( (Blind SQL Sleep() Query Injection Vul-3),69,e89,8,36,61,0.115942029,0.229027334,0.026553894
3,2016-04-06 21:12,10,ISMM-1 SNIPER and sleep( (Blind SQL Sleep() Query Injection Vul-3),69,e122,33,47,61,0.47826087,0.113231977,0.054154424
4,2016-04-07 3:24,10,ISMM-1 SNIPER SQL Query Injection Vulnerability(;DECLARE%20@) Sql_Injection,1,e60,1,2,61,1,1.484299839,1.484299839
5,2016-04-09 11:00,10,ISMM-1 SNIPER SQL Query Injection Vulnerability(;DECLARE%20@) Sql_Injection,1,e89,1,36,61,1,0.229027334,0.229027334
6,2016-04-14 22:21,10,ISMM-1 SNIPER SQL Query Injection Vulnerability(;DECLARE%20@) Sql_Injection,25,e34,2,45,61,0.08,0.132117321,0.010569386
6,2016-04-14 22:21,10,ISMM-1 SNIPER SQL Query Injection Vulnerability(;DECLARE%20@) Sql_Injection,25,e55,1,37,61,0.04,0.217128111,0.008685124
6,2016-04-14 22:21,10,ISMM-1 SNIPER SQL Query Injection Vulnerability(;DECLARE%20@) Sql_Injection,25,e62,2,11,61,0.08,0.74393715,0.059514972
6,2016-04-14 22:21,10,ISMM-1 SNIPER SQL Query Injection Vulnerability(;DECLARE%20@) Sql_Injection,25,e69,1,52,61,0.04,0.069326491,0.00277306
6,2016-04-14 22:21,10,ISMM-1 SNIPER SQL Query Injection Vulnerability(;DECLARE%20@) Sql_Injection,25,e84,1,35,61,0.04,0.241261791,0.009650472
6,2016-04-14 22:21,10,ISMM-1 SNIPER SQL Query Injection Vulnerability(;DECLARE%20@) Sql_Injection,25,e89,2,36,61,0.08,0.229027334,0.018322187
6,2016-04-14 22:21,10,ISMM-1 SNIPER SQL Query Injection Vulnerability(;DECLARE%20@) Sql_Injection,25,e90,9,39,61,0.36,0.194265228,0.069935482
6,2016-04-14 22:21,10,ISMM-1 SNIPER SQL Query Injection Vulnerability(;DECLARE%20@) Sql_Injection,25,e122,7,47,61,0.28,0.113231977,0.031704954
7,2016-04-16 7:29,10,ISMM-1 SNIPER SQL Query Injection Vulnerability(;DECLARE%20@) Sql_Injection,47,e18,5,34,61,0.106382979,0.253850918,0.027005417
7,2016-04-16 7:29,10,ISMM-1 SNIPER SQL Query Injection Vulnerability(;DECLARE%20@) Sql_Injection,47,e55,3,37,61,0.063829787,0.217128111,0.013859241
7,2016-04-16 7:29,10,ISMM-1 SNIPER SQL Query Injection Vulnerability(;DECLARE%20@) Sql_Injection,47,e62,3,11,61,0.063829787,0.74393715,0.04748535
7,2016-04-16 7:29,10,ISMM-1 SNIPER SQL Query Injection Vulnerability(;DECLARE%20@) Sql_Injection,47,e69,13,52,61,0.276595745,0.069326491,0.019175413
7,2016-04-16 7:29,10,ISMM-1 SNIPER SQL Query Injection Vulnerability(;DECLARE%20@) Sql_Injection,47,e84,1,35,61,0.021276596,0.241261791,0.00513323
7,2016-04-16 7:29,10,ISMM-1 SNIPER SQL Query Injection Vulnerability(;DECLARE%20@) Sql_Injection,47,e89,3,36,61,0.063829787,0.229027334,0.014618766
7,2016-04-16 7:29,10,ISMM-1 SNIPER SQL Query Injection Vulnerability(;DECLARE%20@) Sql_Injection,47,e90,1,39,61,0.021276596,0.194265228,0.004133303
7,2016-04-16 7:29,10,ISMM-1 SNIPER SQL Query Injection Vulnerability(;DECLARE%20@) Sql_Injection,47,e111,8,5,61,0.170212766,1.086359831,0.184912312
7,2016-04-16 7:29,10,ISMM-1 SNIPER SQL Query Injection Vulnerability(;DECLARE%20@) Sql_Injection,47,e122,10,47,61,0.212765957,0.113231977,0.02409191
8,2016-04-16 8:00,10,ISMM-1 SNIPER SQL Query Injection Vulnerability(;DECLARE%20@) Sql_Injection,61,e18,2,34,61,0.032786885,0.253850918,0.008322981
8,2016-04-16 8:00,10,ISMM-1 SNIPER SQL Query Injection Vulnerability(;DECLARE%20@) Sql_Injection,61,e34,1,45,61,0.016393443,0.132117321,0.002165858
8,2016-04-16 8:00,10,ISMM-1 SNIPER SQL Query Injection Vulnerability(;DECLARE%20@) Sql_Injection,61,e55,4,37,61,0.06557377,0.217128111,0.014237909
8,2016-04-16 8:00,10,ISMM-1 SNIPER SQL Query Injection Vulnerability(;DECLARE%20@) Sql_Injection,61,e62,4,11,61,0.06557377,0.74393715,0.048782764
8,2016-04-16 8:00,10,ISMM-1 SNIPER SQL Query Injection Vulnerability(;DECLARE%20@) Sql_Injection,61,e69,7,52,61,0.114754098,0.069326491,0.007955499
8,2016-04-16 8:00,10,ISMM-1 SNIPER SQL Query Injection Vulnerability(;DECLARE%20@) Sql_Injection,61,e74,1,24,61,0.016393443,0.405118593,0.006641288
8,2016-04-16 8:00,10,ISMM-1 SNIPER SQL Query Injection Vulnerability(;DECLARE%20@) Sql_Injection,61,e84,3,35,61,0.049180328,0.241261791,0.011865334
8,2016-04-16 8:00,10,ISMM-1 SNIPER SQL Query Injection Vulnerability(;DECLARE%20@) Sql_Injection,61,e89,3,36,61,0.049180328,0.229027334,0.011263639
8,2016-04-16 8:00,10,ISMM-1 SNIPER SQL Query Injection Vulnerability(;DECLARE%20@) Sql_Injection,61,e90,4,39,61,0.06557377,0.194265228,0.012738703
8,2016-04-16 8:00,10,ISMM-1 SNIPER SQL Query Injection Vulnerability(;DECLARE%20@) Sql_Injection,61,e111,7,5,61,0.114754098,1.086359831,0.124664243
8,2016-04-16 8:00,10,ISMM-1 SNIPER SQL Query Injection Vulnerability(;DECLARE%20@) Sql_Injection,61,e122,25,47,61,0.409836066,0.113231977,0.046406548
9,2016-04-16 10:36,10,ISMM-1 SNIPER javascript: Cross_Site_Scripting,62,e18,12,34,61,0.193548387,0.253850918,0.049132436
9,2016-04-16 10:36,10,ISMM-1 SNIPER javascript: Cross_Site_Scripting,62,e32,1,26,61,0.016129032,0.370356487,0.005973492
9,2016-04-16 10:36,10,ISMM-1 SNIPER javascript: Cross_Site_Scripting,62,e34,2,45,61,0.032258065,0.132117321,0.004261849
9,2016-04-16 10:36,10,ISMM-1 SNIPER javascript: Cross_Site_Scripting,62,e54,1,3,61,0.016129032,1.30820858,0.021100138
9,2016-04-16 10:36,10,ISMM-1 SNIPER javascript: Cross_Site_Scripting,62,e55,4,37,61,0.064516129,0.217128111,0.014008265
9,2016-04-16 10:36,10,ISMM-1 SNIPER javascript: Cross_Site_Scripting,62,e60,1,2,61,0.016129032,1.484299839,0.02394032
9,2016-04-16 10:36,10,ISMM-1 SNIPER javascript: Cross_Site_Scripting,62,e62,4,11,61,0.064516129,0.74393715,0.047995945
9,2016-04-16 10:36,10,ISMM-1 SNIPER javascript: Cross_Site_Scripting,62,e69,14,52,61,0.225806452,0.069326491,0.015654369
9,2016-04-16 10:36,10,ISMM-1 SNIPER javascript: Cross_Site_Scripting,62,e84,5,35,61,0.080645161,0.241261791,0.019456596
9,2016-04-16 10:36,10,ISMM-1 SNIPER javascript: Cross_Site_Scripting,62,e89,5,36,61,0.080645161,0.229027334,0.018469946
9,2016-04-16 10:36,10,ISMM-1 SNIPER javascript: Cross_Site_Scripting,62,e92,1,17,61,0.016129032,0.554880914,0.008949692
9,2016-04-16 10:36,10,ISMM-1 SNIPER javascript: Cross_Site_Scripting,62,e120,2,5,61,0.032258065,1.086359831,0.035043866
9,2016-04-16 10:36,10,ISMM-1 SNIPER javascript: Cross_Site_Scripting,62,e122,10,47,61,0.161290323,0.113231977,0.018263222
10,2016-04-20 18:39,10,ISMM-1 SNIPER SQL Query Injection Vulnerability(;DECLARE%20@) Sql_Injection,167,e18,15,34,61,0.089820359,0.253850918,0.022800981
10,2016-04-20 18:39,10,ISMM-1 SNIPER SQL Query Injection Vulnerability(;DECLARE%20@) Sql_Injection,167,e32,4,26,61,0.023952096,0.370356487,0.008870814
10,2016-04-20 18:39,10,ISMM-1 SNIPER SQL Query Injection Vulnerability(;DECLARE%20@) Sql_Injection,167,e34,7,45,61,0.041916168,0.132117321,0.005537852
10,2016-04-20 18:39,10,ISMM-1 SNIPER SQL Query Injection Vulnerability(;DECLARE%20@) Sql_Injection,167,e55,12,37,61,0.071856287,0.217128111,0.01560202
10,2016-04-20 18:39,10,ISMM-1 SNIPER SQL Query Injection Vulnerability(;DECLARE%20@) Sql_Injection,167,e56,1,5,61,0.005988024,1.086359831,0.006505149
10,2016-04-20 18:39,10,ISMM-1 SNIPER SQL Query Injection Vulnerability(;DECLARE%20@) Sql_Injection,167,e62,4,11,61,0.023952096,0.74393715,0.017818854
10,2016-04-20 18:39,10,ISMM-1 SNIPER SQL Query Injection Vulnerability(;DECLARE%20@) Sql_Injection,167,e69,6,52,61,0.035928144,0.069326491,0.002490772
10,2016-04-20 18:39,10,ISMM-1 SNIPER SQL Query Injection Vulnerability(;DECLARE%20@) Sql_Injection,167,e74,1,24,61,0.005988024,0.405118593,0.00242586
10,2016-04-20 18:39,10,ISMM-1 SNIPER SQL Query Injection Vulnerability(;DECLARE%20@) Sql_Injection,167,e89,22,36,61,0.131736527,0.229027334,0.030171266
10,2016-04-20 18:39,10,ISMM-1 SNIPER SQL Query Injection Vulnerability(;DECLARE%20@) Sql_Injection,167,e90,2,39,61,0.011976048,0.194265228,0.00232653
10,2016-04-20 18:39,10,ISMM-1 SNIPER SQL Query Injection Vulnerability(;DECLARE%20@) Sql_Injection,167,e112,1,2,61,0.005988024,1.484299839,0.008888023
10,2016-04-20 18:39,10,ISMM-1 SNIPER SQL Query Injection Vulnerability(;DECLARE%20@) Sql_Injection,167,e122,92,47,61,0.550898204,0.113231977,0.062379293
11,2016-04-26 1:55,10,ISMM-1 SNIPER SQL Query Injection Vulnerability(;DECLARE%20@) Sql_Injection,21,e34,1,45,61,0.047619048,0.132117321,0.006291301
11,2016-04-26 1:55,10,ISMM-1 SNIPER SQL Query Injection Vulnerability(;DECLARE%20@) Sql_Injection,21,e62,3,11,61,0.142857143,0.74393715,0.106276736
11,2016-04-26 1:55,10,ISMM-1 SNIPER SQL Query Injection Vulnerability(;DECLARE%20@) Sql_Injection,21,e69,6,52,61,0.285714286,0.069326491,0.019807569
11,2016-04-26 1:55,10,ISMM-1 SNIPER SQL Query Injection Vulnerability(;DECLARE%20@) Sql_Injection,21,e90,7,39,61,0.333333333,0.194265228,0.064755076
11,2016-04-26 1:55,10,ISMM-1 SNIPER SQL Query Injection Vulnerability(;DECLARE%20@) Sql_Injection,21,e103,2,1,61,0.095238095,1.785329835,0.170031413
11,2016-04-26 1:55,10,ISMM-1 SNIPER SQL Query Injection Vulnerability(;DECLARE%20@) Sql_Injection,21,e122,2,47,61,0.095238095,0.113231977,0.010783998
12,2016-04-26 4:18,10,ISMM-1 SNIPER Directory Traversal Attack(/../../../) Directory_Traversal,18,e34,1,45,61,0.055555556,0.132117321,0.007339851
12,2016-04-26 4:18,10,ISMM-1 SNIPER Directory Traversal Attack(/../../../) Directory_Traversal,18,e56,1,5,61,0.055555556,1.086359831,0.060353324
12,2016-04-26 4:18,10,ISMM-1 SNIPER Directory Traversal Attack(/../../../) Directory_Traversal,18,e62,3,11,61,0.166666667,0.74393715,0.123989525
12,2016-04-26 4:18,10,ISMM-1 SNIPER Directory Traversal Attack(/../../../) Directory_Traversal,18,e64,7,3,61,0.388888889,1.30820858,0.508747781
12,2016-04-26 4:18,10,ISMM-1 SNIPER Directory Traversal Attack(/../../../) Directory_Traversal,18,e69,4,52,61,0.222222222,0.069326491,0.015405887
12,2016-04-26 4:18,10,ISMM-1 SNIPER Directory Traversal Attack(/../../../) Directory_Traversal,18,e94,1,1,61,0.055555556,1.785329835,0.099184991
12,2016-04-26 4:18,10,ISMM-1 SNIPER Directory Traversal Attack(/../../../) Directory_Traversal,18,e122,1,47,61,0.055555556,0.113231977,0.006290665
13,2016-04-26 4:47,10,ISMM-1 SNIPER SQL Query Injection Vulnerability APP_VULNERABILITY,30,e18,1,34,61,0.033333333,0.253850918,0.008461697
13,2016-04-26 4:47,10,ISMM-1 SNIPER SQL Query Injection Vulnerability APP_VULNERABILITY,30,e34,3,45,61,0.1,0.132117321,0.013211732
13,2016-04-26 4:47,10,ISMM-1 SNIPER SQL Query Injection Vulnerability APP_VULNERABILITY,30,e45,1,2,61,0.033333333,1.484299839,0.049476661
13,2016-04-26 4:47,10,ISMM-1 SNIPER SQL Query Injection Vulnerability APP_VULNERABILITY,30,e55,1,37,61,0.033333333,0.217128111,0.007237604
13,2016-04-26 4:47,10,ISMM-1 SNIPER SQL Query Injection Vulnerability APP_VULNERABILITY,30,e62,3,11,61,0.1,0.74393715,0.074393715
13,2016-04-26 4:47,10,ISMM-1 SNIPER SQL Query Injection Vulnerability APP_VULNERABILITY,30,e64,9,3,61,0.3,1.30820858,0.392462574
13,2016-04-26 4:47,10,ISMM-1 SNIPER SQL Query Injection Vulnerability APP_VULNERABILITY,30,e69,10,52,61,0.333333333,0.069326491,0.02310883
13,2016-04-26 4:47,10,ISMM-1 SNIPER SQL Query Injection Vulnerability APP_VULNERABILITY,30,e122,2,47,61,0.066666667,0.113231977,0.007548798
14,2016-04-27 12:34,10,ISMM-1 SNIPER SQL Query Injection Vulnerability(;DECLARE%20@) Sql_Injection,159,e2,3,8,61,0.018867925,0.882239848,0.016646035
14,2016-04-27 12:34,10,ISMM-1 SNIPER SQL Query Injection Vulnerability(;DECLARE%20@) Sql_Injection,159,e18,16,34,61,0.100628931,0.253850918,0.025544746
14,2016-04-27 12:34,10,ISMM-1 SNIPER SQL Query Injection Vulnerability(;DECLARE%20@) Sql_Injection,159,e28,1,8,61,0.006289308,0.882239848,0.005548678
14,2016-04-27 12:34,10,ISMM-1 SNIPER SQL Query Injection Vulnerability(;DECLARE%20@) Sql_Injection,159,e30,5,14,61,0.031446541,0.639201799,0.020100686
14,2016-04-27 12:34,10,ISMM-1 SNIPER SQL Query Injection Vulnerability(;DECLARE%20@) Sql_Injection,159,e32,1,26,61,0.006289308,0.370356487,0.002329286
14,2016-04-27 12:34,10,ISMM-1 SNIPER SQL Query Injection Vulnerability(;DECLARE%20@) Sql_Injection,159,e34,2,45,61,0.012578616,0.132117321,0.001661853
14,2016-04-27 12:34,10,ISMM-1 SNIPER SQL Query Injection Vulnerability(;DECLARE%20@) Sql_Injection,159,e55,20,37,61,0.125786164,0.217128111,0.027311712
14,2016-04-27 12:34,10,ISMM-1 SNIPER SQL Query Injection Vulnerability(;DECLARE%20@) Sql_Injection,159,e65,1,12,61,0.006289308,0.706148589,0.004441186
14,2016-04-27 12:34,10,ISMM-1 SNIPER SQL Query Injection Vulnerability(;DECLARE%20@) Sql_Injection,159,e69,6,52,61,0.037735849,0.069326491,0.002616094
14,2016-04-27 12:34,10,ISMM-1 SNIPER SQL Query Injection Vulnerability(;DECLARE%20@) Sql_Injection,159,e84,1,35,61,0.006289308,0.241261791,0.00151737
14,2016-04-27 12:34,10,ISMM-1 SNIPER SQL Query Injection Vulnerability(;DECLARE%20@) Sql_Injection,159,e89,16,36,61,0.100628931,0.229027334,0.023046776
14,2016-04-27 12:34,10,ISMM-1 SNIPER SQL Query Injection Vulnerability(;DECLARE%20@) Sql_Injection,159,e90,9,39,61,0.056603774,0.194265228,0.010996145
14,2016-04-27 12:34,10,ISMM-1 SNIPER SQL Query Injection Vulnerability(;DECLARE%20@) Sql_Injection,159,e92,1,17,61,0.006289308,0.554880914,0.003489817
14,2016-04-27 12:34,10,ISMM-1 SNIPER SQL Query Injection Vulnerability(;DECLARE%20@) Sql_Injection,159,e93,1,6,61,0.006289308,1.007178585,0.006334457
14,2016-04-27 12:34,10,ISMM-1 SNIPER SQL Query Injection Vulnerability(;DECLARE%20@) Sql_Injection,159,e122,76,47,61,0.477987421,0.113231977,0.054123461
15,2016-04-28 9:42,10,ISMM-1 SNIPER SQL Query Injection Vulnerability APP_VULNERABILITY,104,e18,12,34,61,0.115384615,0.253850918,0.029290491
15,2016-04-28 9:42,10,ISMM-1 SNIPER SQL Query Injection Vulnerability APP_VULNERABILITY,104,e26,6,9,61,0.057692308,0.831087326,0.047947346
15,2016-04-28 9:42,10,ISMM-1 SNIPER SQL Query Injection Vulnerability APP_VULNERABILITY,104,e32,1,26,61,0.009615385,0.370356487,0.00356112
15,2016-04-28 9:42,10,ISMM-1 SNIPER SQL Query Injection Vulnerability APP_VULNERABILITY,104,e34,1,45,61,0.009615385,0.132117321,0.001270359
15,2016-04-28 9:42,10,ISMM-1 SNIPER SQL Query Injection Vulnerability APP_VULNERABILITY,104,e55,6,37,61,0.057692308,0.217128111,0.012526622
15,2016-04-28 9:42,10,ISMM-1 SNIPER SQL Query Injection Vulnerability APP_VULNERABILITY,104,e64,10,3,61,0.096153846,1.30820858,0.125789287
15,2016-04-28 9:42,10,ISMM-1 SNIPER SQL Query Injection Vulnerability APP_VULNERABILITY,104,e65,4,12,61,0.038461538,0.706148589,0.027159561
15,2016-04-28 9:42,10,ISMM-1 SNIPER SQL Query Injection Vulnerability APP_VULNERABILITY,104,e69,10,52,61,0.096153846,0.069326491,0.006666009
15,2016-04-28 9:42,10,ISMM-1 SNIPER SQL Query Injection Vulnerability APP_VULNERABILITY,104,e74,3,24,61,0.028846154,0.405118593,0.011686113
15,2016-04-28 9:42,10,ISMM-1 SNIPER SQL Query Injection Vulnerability APP_VULNERABILITY,104,e84,1,35,61,0.009615385,0.241261791,0.002319825
15,2016-04-28 9:42,10,ISMM-1 SNIPER SQL Query Injection Vulnerability APP_VULNERABILITY,104,e105,1,5,61,0.009615385,1.086359831,0.010445768
15,2016-04-28 9:42,10,ISMM-1 SNIPER SQL Query Injection Vulnerability APP_VULNERABILITY,104,e122,49,47,61,0.471153846,0.113231977,0.053349682
16,2016-04-30 9:21,10,ISMM-1 SNIPER Joomla HTTP Header Remote Code Execution,71,e18,5,34,61,0.070422535,0.253850918,0.017876825
16,2016-04-30 9:21,10,ISMM-1 SNIPER Joomla HTTP Header Remote Code Execution,71,e19,1,1,61,0.014084507,1.785329835,0.025145491
16,2016-04-30 9:21,10,ISMM-1 SNIPER Joomla HTTP Header Remote Code Execution,71,e32,1,26,61,0.014084507,0.370356487,0.005216289
16,2016-04-30 9:21,10,ISMM-1 SNIPER Joomla HTTP Header Remote Code Execution,71,e34,4,45,61,0.056338028,0.132117321,0.007443229
16,2016-04-30 9:21,10,ISMM-1 SNIPER Joomla HTTP Header Remote Code Execution,71,e55,3,37,61,0.042253521,0.217128111,0.009174427
16,2016-04-30 9:21,10,ISMM-1 SNIPER Joomla HTTP Header Remote Code Execution,71,e69,5,52,61,0.070422535,0.069326491,0.004882147
16,2016-04-30 9:21,10,ISMM-1 SNIPER Joomla HTTP Header Remote Code Execution,71,e74,2,24,61,0.028169014,0.405118593,0.011411791
16,2016-04-30 9:21,10,ISMM-1 SNIPER Joomla HTTP Header Remote Code Execution,71,e75,6,6,61,0.084507042,1.007178585,0.085113683
16,2016-04-30 9:21,10,ISMM-1 SNIPER Joomla HTTP Header Remote Code Execution,71,e84,5,35,61,0.070422535,0.241261791,0.016990267
16,2016-04-30 9:21,10,ISMM-1 SNIPER Joomla HTTP Header Remote Code Execution,71,e89,2,36,61,0.028169014,0.229027334,0.006451474
16,2016-04-30 9:21,10,ISMM-1 SNIPER Joomla HTTP Header Remote Code Execution,71,e111,10,5,61,0.14084507,1.086359831,0.153008427
16,2016-04-30 9:21,10,ISMM-1 SNIPER Joomla HTTP Header Remote Code Execution,71,e122,27,47,61,0.38028169,0.113231977,0.043060048
17,2016-05-02 9:22,10,ISMM-1 SNIPER Joomla HTTP Header Remote Code Execution,86,e18,9,34,61,0.104651163,0.253850918,0.026565794
17,2016-05-02 9:22,10,ISMM-1 SNIPER Joomla HTTP Header Remote Code Execution,86,e26,4,9,61,0.046511628,0.831087326,0.038655224
17,2016-05-02 9:22,10,ISMM-1 SNIPER Joomla HTTP Header Remote Code Execution,86,e34,5,45,61,0.058139535,0.132117321,0.00768124
17,2016-05-02 9:22,10,ISMM-1 SNIPER Joomla HTTP Header Remote Code Execution,86,e55,2,37,61,0.023255814,0.217128111,0.005049491
17,2016-05-02 9:22,10,ISMM-1 SNIPER Joomla HTTP Header Remote Code Execution,86,e65,12,12,61,0.139534884,0.706148589,0.098532361
17,2016-05-02 9:22,10,ISMM-1 SNIPER Joomla HTTP Header Remote Code Execution,86,e69,9,52,61,0.104651163,0.069326491,0.007255098
17,2016-05-02 9:22,10,ISMM-1 SNIPER Joomla HTTP Header Remote Code Execution,86,e74,9,24,61,0.104651163,0.405118593,0.042396132
17,2016-05-02 9:22,10,ISMM-1 SNIPER Joomla HTTP Header Remote Code Execution,86,e76,1,1,61,0.011627907,1.785329835,0.020759649
17,2016-05-02 9:22,10,ISMM-1 SNIPER Joomla HTTP Header Remote Code Execution,86,e81,1,3,61,0.011627907,1.30820858,0.015211728
17,2016-05-02 9:22,10,ISMM-1 SNIPER Joomla HTTP Header Remote Code Execution,86,e105,1,5,61,0.011627907,1.086359831,0.012632091
17,2016-05-02 9:22,10,ISMM-1 SNIPER Joomla HTTP Header Remote Code Execution,86,e111,1,5,61,0.011627907,1.086359831,0.012632091
17,2016-05-02 9:22,10,ISMM-1 SNIPER Joomla HTTP Header Remote Code Execution,86,e122,32,47,61,0.372093023,0.113231977,0.042132829
18,2016-05-02 12:56,10,ISMM-1 SNIPER SQL Query Injection Vulnerability(;DECLARE%20@) Sql_Injection,250,e2,2,8,61,0.008,0.882239848,0.007057919
18,2016-05-02 12:56,10,ISMM-1 SNIPER SQL Query Injection Vulnerability(;DECLARE%20@) Sql_Injection,250,e18,78,34,61,0.312,0.253850918,0.079201486
18,2016-05-02 12:56,10,ISMM-1 SNIPER SQL Query Injection Vulnerability(;DECLARE%20@) Sql_Injection,250,e26,1,9,61,0.004,0.831087326,0.003324349
18,2016-05-02 12:56,10,ISMM-1 SNIPER SQL Query Injection Vulnerability(;DECLARE%20@) Sql_Injection,250,e30,5,14,61,0.02,0.639201799,0.012784036
18,2016-05-02 12:56,10,ISMM-1 SNIPER SQL Query Injection Vulnerability(;DECLARE%20@) Sql_Injection,250,e55,19,37,61,0.076,0.217128111,0.016501736
18,2016-05-02 12:56,10,ISMM-1 SNIPER SQL Query Injection Vulnerability(;DECLARE%20@) Sql_Injection,250,e65,3,12,61,0.012,0.706148589,0.008473783
18,2016-05-02 12:56,10,ISMM-1 SNIPER SQL Query Injection Vulnerability(;DECLARE%20@) Sql_Injection,250,e69,9,52,61,0.036,0.069326491,0.002495754
18,2016-05-02 12:56,10,ISMM-1 SNIPER SQL Query Injection Vulnerability(;DECLARE%20@) Sql_Injection,250,e74,2,24,61,0.008,0.405118593,0.003240949
18,2016-05-02 12:56,10,ISMM-1 SNIPER SQL Query Injection Vulnerability(;DECLARE%20@) Sql_Injection,250,e80,1,3,61,0.004,1.30820858,0.005232834
18,2016-05-02 12:56,10,ISMM-1 SNIPER SQL Query Injection Vulnerability(;DECLARE%20@) Sql_Injection,250,e89,19,36,61,0.076,0.229027334,0.017406077
18,2016-05-02 12:56,10,ISMM-1 SNIPER SQL Query Injection Vulnerability(;DECLARE%20@) Sql_Injection,250,e90,3,39,61,0.012,0.194265228,0.002331183
18,2016-05-02 12:56,10,ISMM-1 SNIPER SQL Query Injection Vulnerability(;DECLARE%20@) Sql_Injection,250,e92,2,17,61,0.008,0.554880914,0.004439047
18,2016-05-02 12:56,10,ISMM-1 SNIPER SQL Query Injection Vulnerability(;DECLARE%20@) Sql_Injection,250,e115,2,10,61,0.008,0.785329835,0.006282639
18,2016-05-02 12:56,10,ISMM-1 SNIPER SQL Query Injection Vulnerability(;DECLARE%20@) Sql_Injection,250,e122,104,47,61,0.416,0.113231977,0.047104502
19,2016-05-02 15:22,10,ISMM-1 SNIPER SQL Query Injection Vulnerability(;DECLARE%20@) Sql_Injection,234,e2,1,8,61,0.004273504,0.882239848,0.003770256
19,2016-05-02 15:22,10,ISMM-1 SNIPER SQL Query Injection Vulnerability(;DECLARE%20@) Sql_Injection,234,e15,1,3,61,0.004273504,1.30820858,0.005590635
19,2016-05-02 15:22,10,ISMM-1 SNIPER SQL Query Injection Vulnerability(;DECLARE%20@) Sql_Injection,234,e18,53,34,61,0.226495726,0.253850918,0.057496148
19,2016-05-02 15:22,10,ISMM-1 SNIPER SQL Query Injection Vulnerability(;DECLARE%20@) Sql_Injection,234,e26,4,9,61,0.017094017,0.831087326,0.014206621
19,2016-05-02 15:22,10,ISMM-1 SNIPER SQL Query Injection Vulnerability(;DECLARE%20@) Sql_Injection,234,e28,10,8,61,0.042735043,0.882239848,0.037702558
19,2016-05-02 15:22,10,ISMM-1 SNIPER SQL Query Injection Vulnerability(;DECLARE%20@) Sql_Injection,234,e32,4,26,61,0.017094017,0.370356487,0.00633088
19,2016-05-02 15:22,10,ISMM-1 SNIPER SQL Query Injection Vulnerability(;DECLARE%20@) Sql_Injection,234,e34,1,45,61,0.004273504,0.132117321,0.000564604
19,2016-05-02 15:22,10,ISMM-1 SNIPER SQL Query Injection Vulnerability(;DECLARE%20@) Sql_Injection,234,e55,22,37,61,0.094017094,0.217128111,0.020413754
19,2016-05-02 15:22,10,ISMM-1 SNIPER SQL Query Injection Vulnerability(;DECLARE%20@) Sql_Injection,234,e65,10,12,61,0.042735043,0.706148589,0.03017729
19,2016-05-02 15:22,10,ISMM-1 SNIPER SQL Query Injection Vulnerability(;DECLARE%20@) Sql_Injection,234,e69,2,52,61,0.008547009,0.069326491,0.000592534
19,2016-05-02 15:22,10,ISMM-1 SNIPER SQL Query Injection Vulnerability(;DECLARE%20@) Sql_Injection,234,e74,3,24,61,0.012820513,0.405118593,0.005193828
19,2016-05-02 15:22,10,ISMM-1 SNIPER SQL Query Injection Vulnerability(;DECLARE%20@) Sql_Injection,234,e89,15,36,61,0.064102564,0.229027334,0.014681239
19,2016-05-02 15:22,10,ISMM-1 SNIPER SQL Query Injection Vulnerability(;DECLARE%20@) Sql_Injection,234,e92,3,17,61,0.012820513,0.554880914,0.007113858
19,2016-05-02 15:22,10,ISMM-1 SNIPER SQL Query Injection Vulnerability(;DECLARE%20@) Sql_Injection,234,e93,9,6,61,0.038461538,1.007178585,0.038737638
19,2016-05-02 15:22,10,ISMM-1 SNIPER SQL Query Injection Vulnerability(;DECLARE%20@) Sql_Injection,234,e115,3,10,61,0.012820513,0.785329835,0.010068331
19,2016-05-02 15:22,10,ISMM-1 SNIPER SQL Query Injection Vulnerability(;DECLARE%20@) Sql_Injection,234,e122,93,47,61,0.397435897,0.113231977,0.045002452
20,2016-05-02 21:09,10,ISMM-1 SNIPER SQL Query Injection Vulnerability(;DECLARE%20@) Sql_Injection,27,e18,2,34,61,0.074074074,0.253850918,0.018803772
20,2016-05-02 21:09,10,ISMM-1 SNIPER SQL Query Injection Vulnerability(;DECLARE%20@) Sql_Injection,27,e32,3,26,61,0.111111111,0.370356487,0.041150721
20,2016-05-02 21:09,10,ISMM-1 SNIPER SQL Query Injection Vulnerability(;DECLARE%20@) Sql_Injection,27,e55,8,37,61,0.296296296,0.217128111,0.064334255
20,2016-05-02 21:09,10,ISMM-1 SNIPER SQL Query Injection Vulnerability(;DECLARE%20@) Sql_Injection,27,e89,3,36,61,0.111111111,0.229027334,0.025447482
20,2016-05-02 21:09,10,ISMM-1 SNIPER SQL Query Injection Vulnerability(;DECLARE%20@) Sql_Injection,27,e90,1,39,61,0.037037037,0.194265228,0.007195008
20,2016-05-02 21:09,10,ISMM-1 SNIPER SQL Query Injection Vulnerability(;DECLARE%20@) Sql_Injection,27,e122,10,47,61,0.37037037,0.113231977,0.041937769
21,2016-05-04 8:55,10,ISMM-1 SNIPER Joomla HTTP Header Remote Code Execution,1,e122,1,47,61,1,0.113231977,0.113231977
22,2016-05-05 11:46,10,ISMM-1 SNIPER SQL Query Injection Vulnerability(;DECLARE%20@) Sql_Injection,34,e30,9,14,61,0.264705882,0.639201799,0.169200476
22,2016-05-05 11:46,10,ISMM-1 SNIPER SQL Query Injection Vulnerability(;DECLARE%20@) Sql_Injection,34,e69,12,52,61,0.352941176,0.069326491,0.024468173
22,2016-05-05 11:46,10,ISMM-1 SNIPER SQL Query Injection Vulnerability(;DECLARE%20@) Sql_Injection,34,e84,4,35,61,0.117647059,0.241261791,0.02838374
22,2016-05-05 11:46,10,ISMM-1 SNIPER SQL Query Injection Vulnerability(;DECLARE%20@) Sql_Injection,34,e90,4,39,61,0.117647059,0.194265228,0.022854733
22,2016-05-05 11:46,10,ISMM-1 SNIPER SQL Query Injection Vulnerability(;DECLARE%20@) Sql_Injection,34,e122,5,47,61,0.147058824,0.113231977,0.016651761
23,2016-05-06 8:05,10,ISMM-1 SNIPER Joomla HTTP Header Remote Code Execution,53,e2,1,8,61,0.018867925,0.882239848,0.016646035
23,2016-05-06 8:05,10,ISMM-1 SNIPER Joomla HTTP Header Remote Code Execution,53,e18,2,34,61,0.037735849,0.253850918,0.00957928
23,2016-05-06 8:05,10,ISMM-1 SNIPER Joomla HTTP Header Remote Code Execution,53,e32,3,26,61,0.056603774,0.370356487,0.020963575
23,2016-05-06 8:05,10,ISMM-1 SNIPER Joomla HTTP Header Remote Code Execution,53,e34,4,45,61,0.075471698,0.132117321,0.009971119
23,2016-05-06 8:05,10,ISMM-1 SNIPER Joomla HTTP Header Remote Code Execution,53,e69,7,52,61,0.132075472,0.069326491,0.009156329
23,2016-05-06 8:05,10,ISMM-1 SNIPER Joomla HTTP Header Remote Code Execution,53,e84,8,35,61,0.150943396,0.241261791,0.036416874
23,2016-05-06 8:05,10,ISMM-1 SNIPER Joomla HTTP Header Remote Code Execution,53,e89,3,36,61,0.056603774,0.229027334,0.012963811
23,2016-05-06 8:05,10,ISMM-1 SNIPER Joomla HTTP Header Remote Code Execution,53,e92,1,17,61,0.018867925,0.554880914,0.010469451
23,2016-05-06 8:05,10,ISMM-1 SNIPER Joomla HTTP Header Remote Code Execution,53,e93,1,6,61,0.018867925,1.007178585,0.01900337
23,2016-05-06 8:05,10,ISMM-1 SNIPER Joomla HTTP Header Remote Code Execution,53,e111,7,5,61,0.132075472,1.086359831,0.143481487
23,2016-05-06 8:05,10,ISMM-1 SNIPER Joomla HTTP Header Remote Code Execution,53,e122,16,47,61,0.301886792,0.113231977,0.034183238
24,2016-05-07 2:09,10,ISMM-1 SNIPER SQL Query Injection Vulnerability(;DECLARE%20@) Sql_Injection,15,e34,3,45,61,0.2,0.132117321,0.026423464
24,2016-05-07 2:09,10,ISMM-1 SNIPER SQL Query Injection Vulnerability(;DECLARE%20@) Sql_Injection,15,e36,1,1,61,0.066666667,1.785329835,0.119021989
24,2016-05-07 2:09,10,ISMM-1 SNIPER SQL Query Injection Vulnerability(;DECLARE%20@) Sql_Injection,15,e56,1,5,61,0.066666667,1.086359831,0.072423989
24,2016-05-07 2:09,10,ISMM-1 SNIPER SQL Query Injection Vulnerability(;DECLARE%20@) Sql_Injection,15,e69,6,52,61,0.4,0.069326491,0.027730597
24,2016-05-07 2:09,10,ISMM-1 SNIPER SQL Query Injection Vulnerability(;DECLARE%20@) Sql_Injection,15,e84,1,35,61,0.066666667,0.241261791,0.016084119
24,2016-05-07 2:09,10,ISMM-1 SNIPER SQL Query Injection Vulnerability(;DECLARE%20@) Sql_Injection,15,e90,3,39,61,0.2,0.194265228,0.038853046
25,2016-05-07 2:46,10,ISMM-1 SNIPER SQL Query Injection Vulnerability(;DECLARE%20@) Sql_Injection,15,e34,6,45,61,0.4,0.132117321,0.052846928
25,2016-05-07 2:46,10,ISMM-1 SNIPER SQL Query Injection Vulnerability(;DECLARE%20@) Sql_Injection,15,e69,5,52,61,0.333333333,0.069326491,0.02310883
25,2016-05-07 2:46,10,ISMM-1 SNIPER SQL Query Injection Vulnerability(;DECLARE%20@) Sql_Injection,15,e84,1,35,61,0.066666667,0.241261791,0.016084119
25,2016-05-07 2:46,10,ISMM-1 SNIPER SQL Query Injection Vulnerability(;DECLARE%20@) Sql_Injection,15,e90,2,39,61,0.133333333,0.194265228,0.02590203
25,2016-05-07 2:46,10,ISMM-1 SNIPER SQL Query Injection Vulnerability(;DECLARE%20@) Sql_Injection,15,e122,1,47,61,0.066666667,0.113231977,0.007548798
26,2016-05-07 3:35,10,ISMM-1 SNIPER SQL Query Injection Vulnerability(;DECLARE%20@) Sql_Injection,25,e34,2,45,61,0.08,0.132117321,0.010569386
26,2016-05-07 3:35,10,ISMM-1 SNIPER SQL Query Injection Vulnerability(;DECLARE%20@) Sql_Injection,25,e69,15,52,61,0.6,0.069326491,0.041595895
26,2016-05-07 3:35,10,ISMM-1 SNIPER SQL Query Injection Vulnerability(;DECLARE%20@) Sql_Injection,25,e84,1,35,61,0.04,0.241261791,0.009650472
26,2016-05-07 3:35,10,ISMM-1 SNIPER SQL Query Injection Vulnerability(;DECLARE%20@) Sql_Injection,25,e90,7,39,61,0.28,0.194265228,0.054394264
27,2016-05-07 3:36,10,ISMM-1 SNIPER SQL Query Injection Vulnerability(;DECLARE%20@) Sql_Injection,27,e34,2,45,61,0.074074074,0.132117321,0.009786468
27,2016-05-07 3:36,10,ISMM-1 SNIPER SQL Query Injection Vulnerability(;DECLARE%20@) Sql_Injection,27,e69,15,52,61,0.555555556,0.069326491,0.038514717
27,2016-05-07 3:36,10,ISMM-1 SNIPER SQL Query Injection Vulnerability(;DECLARE%20@) Sql_Injection,27,e84,1,35,61,0.037037037,0.241261791,0.008935622
27,2016-05-07 3:36,10,ISMM-1 SNIPER SQL Query Injection Vulnerability(;DECLARE%20@) Sql_Injection,27,e90,9,39,61,0.333333333,0.194265228,0.064755076
28,2016-05-07 12:06,10,ISMM-1 SNIPER SQL Query Injection Vulnerability(;DECLARE%20@) Sql_Injection,55,e30,10,14,61,0.181818182,0.639201799,0.116218509
28,2016-05-07 12:06,10,ISMM-1 SNIPER SQL Query Injection Vulnerability(;DECLARE%20@) Sql_Injection,55,e34,3,45,61,0.054545455,0.132117321,0.007206399
28,2016-05-07 12:06,10,ISMM-1 SNIPER SQL Query Injection Vulnerability(;DECLARE%20@) Sql_Injection,55,e55,5,37,61,0.090909091,0.217128111,0.019738919
28,2016-05-07 12:06,10,ISMM-1 SNIPER SQL Query Injection Vulnerability(;DECLARE%20@) Sql_Injection,55,e69,12,52,61,0.218181818,0.069326491,0.01512578
28,2016-05-07 12:06,10,ISMM-1 SNIPER SQL Query Injection Vulnerability(;DECLARE%20@) Sql_Injection,55,e74,1,24,61,0.018181818,0.405118593,0.007365793
28,2016-05-07 12:06,10,ISMM-1 SNIPER SQL Query Injection Vulnerability(;DECLARE%20@) Sql_Injection,55,e80,1,3,61,0.018181818,1.30820858,0.023785611
28,2016-05-07 12:06,10,ISMM-1 SNIPER SQL Query Injection Vulnerability(;DECLARE%20@) Sql_Injection,55,e89,3,36,61,0.054545455,0.229027334,0.0124924
28,2016-05-07 12:06,10,ISMM-1 SNIPER SQL Query Injection Vulnerability(;DECLARE%20@) Sql_Injection,55,e90,10,39,61,0.181818182,0.194265228,0.035320951
28,2016-05-07 12:06,10,ISMM-1 SNIPER SQL Query Injection Vulnerability(;DECLARE%20@) Sql_Injection,55,e118,1,3,61,0.018181818,1.30820858,0.023785611
28,2016-05-07 12:06,10,ISMM-1 SNIPER SQL Query Injection Vulnerability(;DECLARE%20@) Sql_Injection,55,e120,2,5,61,0.036363636,1.086359831,0.039503994
28,2016-05-07 12:06,10,ISMM-1 SNIPER SQL Query Injection Vulnerability(;DECLARE%20@) Sql_Injection,55,e122,7,47,61,0.127272727,0.113231977,0.014411343
29,2016-05-07 12:11,10,ISMM-2 SNIPER applist.asp WEB_APP_VULNERABILITY,61,e30,11,14,61,0.180327869,0.639201799,0.115265898
29,2016-05-07 12:11,10,ISMM-2 SNIPER applist.asp WEB_APP_VULNERABILITY,61,e34,4,45,61,0.06557377,0.132117321,0.008663431
29,2016-05-07 12:11,10,ISMM-2 SNIPER applist.asp WEB_APP_VULNERABILITY,61,e55,1,37,61,0.016393443,0.217128111,0.003559477
29,2016-05-07 12:11,10,ISMM-2 SNIPER applist.asp WEB_APP_VULNERABILITY,61,e69,6,52,61,0.098360656,0.069326491,0.006818999
29,2016-05-07 12:11,10,ISMM-2 SNIPER applist.asp WEB_APP_VULNERABILITY,61,e74,1,24,61,0.016393443,0.405118593,0.006641288
29,2016-05-07 12:11,10,ISMM-2 SNIPER applist.asp WEB_APP_VULNERABILITY,61,e84,6,35,61,0.098360656,0.241261791,0.023730668
29,2016-05-07 12:11,10,ISMM-2 SNIPER applist.asp WEB_APP_VULNERABILITY,61,e89,2,36,61,0.032786885,0.229027334,0.007509093
29,2016-05-07 12:11,10,ISMM-2 SNIPER applist.asp WEB_APP_VULNERABILITY,61,e90,11,39,61,0.180327869,0.194265228,0.035031435
29,2016-05-07 12:11,10,ISMM-2 SNIPER applist.asp WEB_APP_VULNERABILITY,61,e118,3,3,61,0.049180328,1.30820858,0.064338127
29,2016-05-07 12:11,10,ISMM-2 SNIPER applist.asp WEB_APP_VULNERABILITY,61,e120,4,5,61,0.06557377,1.086359831,0.07123671
29,2016-05-07 12:11,10,ISMM-2 SNIPER applist.asp WEB_APP_VULNERABILITY,61,e122,12,47,61,0.196721311,0.113231977,0.022275143
30,2016-05-10 14:08,10,ISMM-1 SNIPER Joomla HTTP Header Remote Code Execution,293,e11,2,2,61,0.006825939,1.484299839,0.01013174
30,2016-05-10 14:08,10,ISMM-1 SNIPER Joomla HTTP Header Remote Code Execution,293,e13,1,1,61,0.003412969,1.785329835,0.006093276
30,2016-05-10 14:08,10,ISMM-1 SNIPER Joomla HTTP Header Remote Code Execution,293,e16,1,3,61,0.003412969,1.30820858,0.004464876
30,2016-05-10 14:08,10,ISMM-1 SNIPER Joomla HTTP Header Remote Code Execution,293,e18,39,34,61,0.133105802,0.253850918,0.03378903
30,2016-05-10 14:08,10,ISMM-1 SNIPER Joomla HTTP Header Remote Code Execution,293,e26,7,9,61,0.023890785,0.831087326,0.019855329
30,2016-05-10 14:08,10,ISMM-1 SNIPER Joomla HTTP Header Remote Code Execution,293,e32,2,26,61,0.006825939,0.370356487,0.002528031
30,2016-05-10 14:08,10,ISMM-1 SNIPER Joomla HTTP Header Remote Code Execution,293,e34,3,45,61,0.010238908,0.132117321,0.001352737
30,2016-05-10 14:08,10,ISMM-1 SNIPER Joomla HTTP Header Remote Code Execution,293,e47,3,1,61,0.010238908,1.785329835,0.018279828
30,2016-05-10 14:08,10,ISMM-1 SNIPER Joomla HTTP Header Remote Code Execution,293,e55,30,37,61,0.102389078,0.217128111,0.022231547
30,2016-05-10 14:08,10,ISMM-1 SNIPER Joomla HTTP Header Remote Code Execution,293,e56,6,5,61,0.020477816,1.086359831,0.022246276
30,2016-05-10 14:08,10,ISMM-1 SNIPER Joomla HTTP Header Remote Code Execution,293,e65,10,12,61,0.034129693,0.706148589,0.024100634
30,2016-05-10 14:08,10,ISMM-1 SNIPER Joomla HTTP Header Remote Code Execution,293,e69,13,52,61,0.044368601,0.069326491,0.003075919
30,2016-05-10 14:08,10,ISMM-1 SNIPER Joomla HTTP Header Remote Code Execution,293,e74,12,24,61,0.040955631,0.405118593,0.016591888
30,2016-05-10 14:08,10,ISMM-1 SNIPER Joomla HTTP Header Remote Code Execution,293,e75,11,6,61,0.037542662,1.007178585,0.037812165
30,2016-05-10 14:08,10,ISMM-1 SNIPER Joomla HTTP Header Remote Code Execution,293,e84,1,35,61,0.003412969,0.241261791,0.000823419
30,2016-05-10 14:08,10,ISMM-1 SNIPER Joomla HTTP Header Remote Code Execution,293,e89,24,36,61,0.081911263,0.229027334,0.018759918
30,2016-05-10 14:08,10,ISMM-1 SNIPER Joomla HTTP Header Remote Code Execution,293,e91,7,5,61,0.023890785,1.086359831,0.025953989
30,2016-05-10 14:08,10,ISMM-1 SNIPER Joomla HTTP Header Remote Code Execution,293,e92,8,17,61,0.027303754,0.554880914,0.015150332
30,2016-05-10 14:08,10,ISMM-1 SNIPER Joomla HTTP Header Remote Code Execution,293,e93,4,6,61,0.013651877,1.007178585,0.013749878
30,2016-05-10 14:08,10,ISMM-1 SNIPER Joomla HTTP Header Remote Code Execution,293,e101,3,1,61,0.010238908,1.785329835,0.018279828
30,2016-05-10 14:08,10,ISMM-1 SNIPER Joomla HTTP Header Remote Code Execution,293,e115,4,10,61,0.013651877,0.785329835,0.010721226
30,2016-05-10 14:08,10,ISMM-1 SNIPER Joomla HTTP Header Remote Code Execution,293,e122,102,47,61,0.348122867,0.113231977,0.03941864
31,2016-05-11 0:34,10,ISMM-1 SNIPER SQL Query Injection Vulnerability(;DECLARE%20@) Sql_Injection,13,e34,1,45,61,0.076923077,0.132117321,0.010162871
31,2016-05-11 0:34,10,ISMM-1 SNIPER SQL Query Injection Vulnerability(;DECLARE%20@) Sql_Injection,13,e69,5,52,61,0.384615385,0.069326491,0.026664035
31,2016-05-11 0:34,10,ISMM-1 SNIPER SQL Query Injection Vulnerability(;DECLARE%20@) Sql_Injection,13,e84,1,35,61,0.076923077,0.241261791,0.018558599
31,2016-05-11 0:34,10,ISMM-1 SNIPER SQL Query Injection Vulnerability(;DECLARE%20@) Sql_Injection,13,e90,5,39,61,0.384615385,0.194265228,0.074717395
31,2016-05-11 0:34,10,ISMM-1 SNIPER SQL Query Injection Vulnerability(;DECLARE%20@) Sql_Injection,13,e122,1,47,61,0.076923077,0.113231977,0.008710152
32,2016-05-12 10:35,10,ISMM-1 SNIPER -d allow_url_include=On (PHP 'php-cgi' query string parameter vul.B) WEB_APP_VULNERABILITY,1,e69,1,52,61,1,0.069326491,0.069326491
33,2016-05-12 16:33,10,ISMM-1 SNIPER Joomla HTTP Header Remote Code Execution,130,e18,27,34,61,0.207692308,0.253850918,0.052722883
33,2016-05-12 16:33,10,ISMM-1 SNIPER Joomla HTTP Header Remote Code Execution,130,e32,2,26,61,0.015384615,0.370356487,0.005697792
33,2016-05-12 16:33,10,ISMM-1 SNIPER Joomla HTTP Header Remote Code Execution,130,e34,2,45,61,0.015384615,0.132117321,0.002032574
33,2016-05-12 16:33,10,ISMM-1 SNIPER Joomla HTTP Header Remote Code Execution,130,e55,12,37,61,0.092307692,0.217128111,0.020042595
33,2016-05-12 16:33,10,ISMM-1 SNIPER Joomla HTTP Header Remote Code Execution,130,e69,7,52,61,0.053846154,0.069326491,0.003732965
33,2016-05-12 16:33,10,ISMM-1 SNIPER Joomla HTTP Header Remote Code Execution,130,e74,1,24,61,0.007692308,0.405118593,0.003116297
33,2016-05-12 16:33,10,ISMM-1 SNIPER Joomla HTTP Header Remote Code Execution,130,e89,10,36,61,0.076923077,0.229027334,0.017617487
33,2016-05-12 16:33,10,ISMM-1 SNIPER Joomla HTTP Header Remote Code Execution,130,e92,2,17,61,0.015384615,0.554880914,0.008536629
33,2016-05-12 16:33,10,ISMM-1 SNIPER Joomla HTTP Header Remote Code Execution,130,e105,3,5,61,0.023076923,1.086359831,0.025069842
33,2016-05-12 16:33,10,ISMM-1 SNIPER Joomla HTTP Header Remote Code Execution,130,e115,2,10,61,0.015384615,0.785329835,0.012081997
33,2016-05-12 16:33,10,ISMM-1 SNIPER Joomla HTTP Header Remote Code Execution,130,e122,62,47,61,0.476923077,0.113231977,0.054002943
34,2016-05-15 15:12,10,ISMM-1 SNIPER SQL Query Injection Vulnerability APP_VULNERABILITY,26,e34,1,45,61,0.038461538,0.132117321,0.005081435
34,2016-05-15 15:12,10,ISMM-1 SNIPER SQL Query Injection Vulnerability APP_VULNERABILITY,26,e39,1,1,61,0.038461538,1.785329835,0.068666532
34,2016-05-15 15:12,10,ISMM-1 SNIPER SQL Query Injection Vulnerability APP_VULNERABILITY,26,e45,1,2,61,0.038461538,1.484299839,0.057088455
34,2016-05-15 15:12,10,ISMM-1 SNIPER SQL Query Injection Vulnerability APP_VULNERABILITY,26,e55,4,37,61,0.153846154,0.217128111,0.033404325
34,2016-05-15 15:12,10,ISMM-1 SNIPER SQL Query Injection Vulnerability APP_VULNERABILITY,26,e69,4,52,61,0.153846154,0.069326491,0.010665614
34,2016-05-15 15:12,10,ISMM-1 SNIPER SQL Query Injection Vulnerability APP_VULNERABILITY,26,e74,1,24,61,0.038461538,0.405118593,0.015581484
34,2016-05-15 15:12,10,ISMM-1 SNIPER SQL Query Injection Vulnerability APP_VULNERABILITY,26,e89,1,36,61,0.038461538,0.229027334,0.008808744
34,2016-05-15 15:12,10,ISMM-1 SNIPER SQL Query Injection Vulnerability APP_VULNERABILITY,26,e121,6,1,61,0.230769231,1.785329835,0.411999193
34,2016-05-15 15:12,10,ISMM-1 SNIPER SQL Query Injection Vulnerability APP_VULNERABILITY,26,e122,7,47,61,0.269230769,0.113231977,0.030485532
35,2016-05-16 0:47,10,ISMM-1 SNIPER and sleep( (Blind SQL Sleep() Query Injection Vul-3),14,e3,5,8,61,0.357142857,0.882239848,0.31508566
35,2016-05-16 0:47,10,ISMM-1 SNIPER and sleep( (Blind SQL Sleep() Query Injection Vul-3),14,e69,4,52,61,0.285714286,0.069326491,0.019807569
35,2016-05-16 0:47,10,ISMM-1 SNIPER and sleep( (Blind SQL Sleep() Query Injection Vul-3),14,e84,5,35,61,0.357142857,0.241261791,0.086164925
36,2016-05-16 2:09,10,ISMM-1 SNIPER and sleep( (Blind SQL Sleep() Query Injection Vul-3),45,e3,4,8,61,0.088888889,0.882239848,0.07842132
36,2016-05-16 2:09,10,ISMM-1 SNIPER and sleep( (Blind SQL Sleep() Query Injection Vul-3),45,e32,1,26,61,0.022222222,0.370356487,0.008230144
36,2016-05-16 2:09,10,ISMM-1 SNIPER and sleep( (Blind SQL Sleep() Query Injection Vul-3),45,e33,6,1,61,0.133333333,1.785329835,0.238043978
36,2016-05-16 2:09,10,ISMM-1 SNIPER and sleep( (Blind SQL Sleep() Query Injection Vul-3),45,e49,1,1,61,0.022222222,1.785329835,0.039673996
36,2016-05-16 2:09,10,ISMM-1 SNIPER and sleep( (Blind SQL Sleep() Query Injection Vul-3),45,e69,9,52,61,0.2,0.069326491,0.013865298
36,2016-05-16 2:09,10,ISMM-1 SNIPER and sleep( (Blind SQL Sleep() Query Injection Vul-3),45,e74,2,24,61,0.044444444,0.405118593,0.018005271
36,2016-05-16 2:09,10,ISMM-1 SNIPER and sleep( (Blind SQL Sleep() Query Injection Vul-3),45,e90,14,39,61,0.311111111,0.194265228,0.060438071
36,2016-05-16 2:09,10,ISMM-1 SNIPER and sleep( (Blind SQL Sleep() Query Injection Vul-3),45,e112,8,2,61,0.177777778,1.484299839,0.263875527
37,2016-05-16 12:12,10,ISMM-1 SNIPER and sleep( (Blind SQL Sleep() Query Injection Vul-3),184,e3,1,8,61,0.005434783,0.882239848,0.004794782
37,2016-05-16 12:12,10,ISMM-1 SNIPER and sleep( (Blind SQL Sleep() Query Injection Vul-3),184,e18,43,34,61,0.233695652,0.253850918,0.059323856
37,2016-05-16 12:12,10,ISMM-1 SNIPER and sleep( (Blind SQL Sleep() Query Injection Vul-3),184,e26,2,9,61,0.010869565,0.831087326,0.009033558
37,2016-05-16 12:12,10,ISMM-1 SNIPER and sleep( (Blind SQL Sleep() Query Injection Vul-3),184,e28,1,8,61,0.005434783,0.882239848,0.004794782
37,2016-05-16 12:12,10,ISMM-1 SNIPER and sleep( (Blind SQL Sleep() Query Injection Vul-3),184,e30,4,14,61,0.02173913,0.639201799,0.013895691
37,2016-05-16 12:12,10,ISMM-1 SNIPER and sleep( (Blind SQL Sleep() Query Injection Vul-3),184,e32,1,26,61,0.005434783,0.370356487,0.002012807
37,2016-05-16 12:12,10,ISMM-1 SNIPER and sleep( (Blind SQL Sleep() Query Injection Vul-3),184,e34,4,45,61,0.02173913,0.132117321,0.002872116
37,2016-05-16 12:12,10,ISMM-1 SNIPER and sleep( (Blind SQL Sleep() Query Injection Vul-3),184,e55,24,37,61,0.130434783,0.217128111,0.028321058
37,2016-05-16 12:12,10,ISMM-1 SNIPER and sleep( (Blind SQL Sleep() Query Injection Vul-3),184,e65,1,12,61,0.005434783,0.706148589,0.003837764
37,2016-05-16 12:12,10,ISMM-1 SNIPER and sleep( (Blind SQL Sleep() Query Injection Vul-3),184,e69,6,52,61,0.032608696,0.069326491,0.002260646
37,2016-05-16 12:12,10,ISMM-1 SNIPER and sleep( (Blind SQL Sleep() Query Injection Vul-3),184,e74,4,24,61,0.02173913,0.405118593,0.008806926
37,2016-05-16 12:12,10,ISMM-1 SNIPER and sleep( (Blind SQL Sleep() Query Injection Vul-3),184,e89,15,36,61,0.081521739,0.229027334,0.018670707
37,2016-05-16 12:12,10,ISMM-1 SNIPER and sleep( (Blind SQL Sleep() Query Injection Vul-3),184,e90,2,39,61,0.010869565,0.194265228,0.002111579
37,2016-05-16 12:12,10,ISMM-1 SNIPER and sleep( (Blind SQL Sleep() Query Injection Vul-3),184,e91,1,5,61,0.005434783,1.086359831,0.00590413
37,2016-05-16 12:12,10,ISMM-1 SNIPER and sleep( (Blind SQL Sleep() Query Injection Vul-3),184,e92,2,17,61,0.010869565,0.554880914,0.006031314
37,2016-05-16 12:12,10,ISMM-1 SNIPER and sleep( (Blind SQL Sleep() Query Injection Vul-3),184,e122,72,47,61,0.391304348,0.113231977,0.044308165
37,2016-05-16 12:12,10,ISMM-1 SNIPER and sleep( (Blind SQL Sleep() Query Injection Vul-3),184,e124,1,3,61,0.005434783,1.30820858,0.007109829
38,2016-05-16 12:40,10,ISMM-1 SNIPER and sleep( (Blind SQL Sleep() Query Injection Vul-3),233,e2,3,8,61,0.012875536,0.882239848,0.011359311
38,2016-05-16 12:40,10,ISMM-1 SNIPER and sleep( (Blind SQL Sleep() Query Injection Vul-3),233,e3,5,8,61,0.021459227,0.882239848,0.018932186
38,2016-05-16 12:40,10,ISMM-1 SNIPER and sleep( (Blind SQL Sleep() Query Injection Vul-3),233,e18,45,34,61,0.193133047,0.253850918,0.049027001
38,2016-05-16 12:40,10,ISMM-1 SNIPER and sleep( (Blind SQL Sleep() Query Injection Vul-3),233,e26,1,9,61,0.004291845,0.831087326,0.003566898
38,2016-05-16 12:40,10,ISMM-1 SNIPER and sleep( (Blind SQL Sleep() Query Injection Vul-3),233,e27,1,2,61,0.004291845,1.484299839,0.006370386
38,2016-05-16 12:40,10,ISMM-1 SNIPER and sleep( (Blind SQL Sleep() Query Injection Vul-3),233,e28,2,8,61,0.008583691,0.882239848,0.007572874
38,2016-05-16 12:40,10,ISMM-1 SNIPER and sleep( (Blind SQL Sleep() Query Injection Vul-3),233,e30,8,14,61,0.034334764,0.639201799,0.021946843
38,2016-05-16 12:40,10,ISMM-1 SNIPER and sleep( (Blind SQL Sleep() Query Injection Vul-3),233,e34,1,45,61,0.004291845,0.132117321,0.000567027
38,2016-05-16 12:40,10,ISMM-1 SNIPER and sleep( (Blind SQL Sleep() Query Injection Vul-3),233,e54,1,3,61,0.004291845,1.30820858,0.005614629
38,2016-05-16 12:40,10,ISMM-1 SNIPER and sleep( (Blind SQL Sleep() Query Injection Vul-3),233,e55,25,37,61,0.107296137,0.217128111,0.023297008
38,2016-05-16 12:40,10,ISMM-1 SNIPER and sleep( (Blind SQL Sleep() Query Injection Vul-3),233,e65,4,12,61,0.017167382,0.706148589,0.012122723
38,2016-05-16 12:40,10,ISMM-1 SNIPER and sleep( (Blind SQL Sleep() Query Injection Vul-3),233,e69,13,52,61,0.055793991,0.069326491,0.003868002
38,2016-05-16 12:40,10,ISMM-1 SNIPER and sleep( (Blind SQL Sleep() Query Injection Vul-3),233,e74,17,24,61,0.072961373,0.405118593,0.029558009
38,2016-05-16 12:40,10,ISMM-1 SNIPER and sleep( (Blind SQL Sleep() Query Injection Vul-3),233,e80,1,3,61,0.004291845,1.30820858,0.005614629
38,2016-05-16 12:40,10,ISMM-1 SNIPER and sleep( (Blind SQL Sleep() Query Injection Vul-3),233,e89,14,36,61,0.060085837,0.229027334,0.013761299
38,2016-05-16 12:40,10,ISMM-1 SNIPER and sleep( (Blind SQL Sleep() Query Injection Vul-3),233,e91,1,5,61,0.004291845,1.086359831,0.004662489
38,2016-05-16 12:40,10,ISMM-1 SNIPER and sleep( (Blind SQL Sleep() Query Injection Vul-3),233,e92,1,17,61,0.004291845,0.554880914,0.002381463
38,2016-05-16 12:40,10,ISMM-1 SNIPER and sleep( (Blind SQL Sleep() Query Injection Vul-3),233,e93,1,6,61,0.004291845,1.007178585,0.004322655
38,2016-05-16 12:40,10,ISMM-1 SNIPER and sleep( (Blind SQL Sleep() Query Injection Vul-3),233,e115,1,10,61,0.004291845,0.785329835,0.003370514
38,2016-05-16 12:40,10,ISMM-1 SNIPER and sleep( (Blind SQL Sleep() Query Injection Vul-3),233,e122,87,47,61,0.373390558,0.113231977,0.042279751
38,2016-05-16 12:40,10,ISMM-1 SNIPER and sleep( (Blind SQL Sleep() Query Injection Vul-3),233,e124,1,3,61,0.004291845,1.30820858,0.005614629
39,2016-05-16 12:56,10,ISMM-1 SNIPER and sleep( (Blind SQL Sleep() Query Injection Vul-3),218,e2,1,8,61,0.004587156,0.882239848,0.004046972
39,2016-05-16 12:56,10,ISMM-1 SNIPER and sleep( (Blind SQL Sleep() Query Injection Vul-3),218,e3,6,8,61,0.027522936,0.882239848,0.024281831
39,2016-05-16 12:56,10,ISMM-1 SNIPER and sleep( (Blind SQL Sleep() Query Injection Vul-3),218,e18,40,34,61,0.183486239,0.253850918,0.04657815
39,2016-05-16 12:56,10,ISMM-1 SNIPER and sleep( (Blind SQL Sleep() Query Injection Vul-3),218,e26,4,9,61,0.018348624,0.831087326,0.015249309
39,2016-05-16 12:56,10,ISMM-1 SNIPER and sleep( (Blind SQL Sleep() Query Injection Vul-3),218,e28,1,8,61,0.004587156,0.882239848,0.004046972
39,2016-05-16 12:56,10,ISMM-1 SNIPER and sleep( (Blind SQL Sleep() Query Injection Vul-3),218,e29,1,4,61,0.004587156,1.183269844,0.005427843
39,2016-05-16 12:56,10,ISMM-1 SNIPER and sleep( (Blind SQL Sleep() Query Injection Vul-3),218,e30,3,14,61,0.013761468,0.639201799,0.008796355
39,2016-05-16 12:56,10,ISMM-1 SNIPER and sleep( (Blind SQL Sleep() Query Injection Vul-3),218,e34,3,45,61,0.013761468,0.132117321,0.001818128
39,2016-05-16 12:56,10,ISMM-1 SNIPER and sleep( (Blind SQL Sleep() Query Injection Vul-3),218,e55,25,37,61,0.114678899,0.217128111,0.024900013
39,2016-05-16 12:56,10,ISMM-1 SNIPER and sleep( (Blind SQL Sleep() Query Injection Vul-3),218,e65,3,12,61,0.013761468,0.706148589,0.009717641
39,2016-05-16 12:56,10,ISMM-1 SNIPER and sleep( (Blind SQL Sleep() Query Injection Vul-3),218,e69,4,52,61,0.018348624,0.069326491,0.001272046
39,2016-05-16 12:56,10,ISMM-1 SNIPER and sleep( (Blind SQL Sleep() Query Injection Vul-3),218,e74,4,24,61,0.018348624,0.405118593,0.007433369
39,2016-05-16 12:56,10,ISMM-1 SNIPER and sleep( (Blind SQL Sleep() Query Injection Vul-3),218,e81,1,3,61,0.004587156,1.30820858,0.006000957
39,2016-05-16 12:56,10,ISMM-1 SNIPER and sleep( (Blind SQL Sleep() Query Injection Vul-3),218,e89,20,36,61,0.091743119,0.229027334,0.021011682
39,2016-05-16 12:56,10,ISMM-1 SNIPER and sleep( (Blind SQL Sleep() Query Injection Vul-3),218,e92,2,17,61,0.009174312,0.554880914,0.005090651
39,2016-05-16 12:56,10,ISMM-1 SNIPER and sleep( (Blind SQL Sleep() Query Injection Vul-3),218,e115,1,10,61,0.004587156,0.785329835,0.00360243
39,2016-05-16 12:56,10,ISMM-1 SNIPER and sleep( (Blind SQL Sleep() Query Injection Vul-3),218,e122,98,47,61,0.449541284,0.113231977,0.050902448
39,2016-05-16 12:56,10,ISMM-1 SNIPER and sleep( (Blind SQL Sleep() Query Injection Vul-3),218,e124,1,3,61,0.004587156,1.30820858,0.006000957
40,2016-05-21 0:04,10,ISMM-1 SNIPER SQL Query Injection Vulnerability(;DECLARE%20@) Sql_Injection,13,e34,2,45,61,0.153846154,0.132117321,0.020325742
40,2016-05-21 0:04,10,ISMM-1 SNIPER SQL Query Injection Vulnerability(;DECLARE%20@) Sql_Injection,13,e69,2,52,61,0.153846154,0.069326491,0.010665614
40,2016-05-21 0:04,10,ISMM-1 SNIPER SQL Query Injection Vulnerability(;DECLARE%20@) Sql_Injection,13,e90,9,39,61,0.692307692,0.194265228,0.134491312
41,2016-05-21 0:31,10,ISMM-1 SNIPER SQL Query Injection Vulnerability(;DECLARE%20@) Sql_Injection,27,e34,2,45,61,0.074074074,0.132117321,0.009786468
41,2016-05-21 0:31,10,ISMM-1 SNIPER SQL Query Injection Vulnerability(;DECLARE%20@) Sql_Injection,27,e69,3,52,61,0.111111111,0.069326491,0.007702943
41,2016-05-21 0:31,10,ISMM-1 SNIPER SQL Query Injection Vulnerability(;DECLARE%20@) Sql_Injection,27,e75,1,6,61,0.037037037,1.007178585,0.037302911
41,2016-05-21 0:31,10,ISMM-1 SNIPER SQL Query Injection Vulnerability(;DECLARE%20@) Sql_Injection,27,e84,1,35,61,0.037037037,0.241261791,0.008935622
41,2016-05-21 0:31,10,ISMM-1 SNIPER SQL Query Injection Vulnerability(;DECLARE%20@) Sql_Injection,27,e90,16,39,61,0.592592593,0.194265228,0.115120135
41,2016-05-21 0:31,10,ISMM-1 SNIPER SQL Query Injection Vulnerability(;DECLARE%20@) Sql_Injection,27,e122,4,47,61,0.148148148,0.113231977,0.016775108
42,2016-05-21 0:49,10,ISMM-1 SNIPER SQL Query Injection Vulnerability(;DECLARE%20@) Sql_Injection,49,e18,1,34,61,0.020408163,0.253850918,0.005180631
42,2016-05-21 0:49,10,ISMM-1 SNIPER SQL Query Injection Vulnerability(;DECLARE%20@) Sql_Injection,49,e34,2,45,61,0.040816327,0.132117321,0.005392544
42,2016-05-21 0:49,10,ISMM-1 SNIPER SQL Query Injection Vulnerability(;DECLARE%20@) Sql_Injection,49,e69,7,52,61,0.142857143,0.069326491,0.009903784
42,2016-05-21 0:49,10,ISMM-1 SNIPER SQL Query Injection Vulnerability(;DECLARE%20@) Sql_Injection,49,e90,39,39,61,0.795918367,0.194265228,0.154619263
43,2016-05-21 1:23,10,ISMM-1 SNIPER SQL Query Injection Vulnerability(;DECLARE%20@) Sql_Injection,25,e34,2,45,61,0.08,0.132117321,0.010569386
43,2016-05-21 1:23,10,ISMM-1 SNIPER SQL Query Injection Vulnerability(;DECLARE%20@) Sql_Injection,25,e69,1,52,61,0.04,0.069326491,0.00277306
43,2016-05-21 1:23,10,ISMM-1 SNIPER SQL Query Injection Vulnerability(;DECLARE%20@) Sql_Injection,25,e90,22,39,61,0.88,0.194265228,0.170953401
44,2016-06-01 16:28,10,ISMM-1 SNIPER SQL Query Injection Vulnerability(;DECLARE%20@) Sql_Injection,94,e16,1,3,61,0.010638298,1.30820858,0.013917113
44,2016-06-01 16:28,10,ISMM-1 SNIPER SQL Query Injection Vulnerability(;DECLARE%20@) Sql_Injection,94,e18,32,34,61,0.340425532,0.253850918,0.086417334
44,2016-06-01 16:28,10,ISMM-1 SNIPER SQL Query Injection Vulnerability(;DECLARE%20@) Sql_Injection,94,e28,1,8,61,0.010638298,0.882239848,0.00938553
44,2016-06-01 16:28,10,ISMM-1 SNIPER SQL Query Injection Vulnerability(;DECLARE%20@) Sql_Injection,94,e30,1,14,61,0.010638298,0.639201799,0.006800019
44,2016-06-01 16:28,10,ISMM-1 SNIPER SQL Query Injection Vulnerability(;DECLARE%20@) Sql_Injection,94,e32,1,26,61,0.010638298,0.370356487,0.003939963
44,2016-06-01 16:28,10,ISMM-1 SNIPER SQL Query Injection Vulnerability(;DECLARE%20@) Sql_Injection,94,e34,2,45,61,0.021276596,0.132117321,0.002811007
44,2016-06-01 16:28,10,ISMM-1 SNIPER SQL Query Injection Vulnerability(;DECLARE%20@) Sql_Injection,94,e55,9,37,61,0.095744681,0.217128111,0.020788862
44,2016-06-01 16:28,10,ISMM-1 SNIPER SQL Query Injection Vulnerability(;DECLARE%20@) Sql_Injection,94,e69,4,52,61,0.042553191,0.069326491,0.002950063
44,2016-06-01 16:28,10,ISMM-1 SNIPER SQL Query Injection Vulnerability(;DECLARE%20@) Sql_Injection,94,e84,1,35,61,0.010638298,0.241261791,0.002566615
44,2016-06-01 16:28,10,ISMM-1 SNIPER SQL Query Injection Vulnerability(;DECLARE%20@) Sql_Injection,94,e89,9,36,61,0.095744681,0.229027334,0.021928149
44,2016-06-01 16:28,10,ISMM-1 SNIPER SQL Query Injection Vulnerability(;DECLARE%20@) Sql_Injection,94,e90,5,39,61,0.053191489,0.194265228,0.010333257
44,2016-06-01 16:28,10,ISMM-1 SNIPER SQL Query Injection Vulnerability(;DECLARE%20@) Sql_Injection,94,e92,1,17,61,0.010638298,0.554880914,0.005902988
44,2016-06-01 16:28,10,ISMM-1 SNIPER SQL Query Injection Vulnerability(;DECLARE%20@) Sql_Injection,94,e122,27,47,61,0.287234043,0.113231977,0.032524079
45,2016-06-01 16:33,10,ISMM-1 SNIPER SQL Query Injection Vulnerability(;DECLARE%20@) Sql_Injection,123,e2,1,8,61,0.008130081,0.882239848,0.007172682
45,2016-06-01 16:33,10,ISMM-1 SNIPER SQL Query Injection Vulnerability(;DECLARE%20@) Sql_Injection,123,e18,27,34,61,0.219512195,0.253850918,0.055723372
45,2016-06-01 16:33,10,ISMM-1 SNIPER SQL Query Injection Vulnerability(;DECLARE%20@) Sql_Injection,123,e28,1,8,61,0.008130081,0.882239848,0.007172682
45,2016-06-01 16:33,10,ISMM-1 SNIPER SQL Query Injection Vulnerability(;DECLARE%20@) Sql_Injection,123,e30,1,14,61,0.008130081,0.639201799,0.005196763
45,2016-06-01 16:33,10,ISMM-1 SNIPER SQL Query Injection Vulnerability(;DECLARE%20@) Sql_Injection,123,e32,1,26,61,0.008130081,0.370356487,0.003011028
45,2016-06-01 16:33,10,ISMM-1 SNIPER SQL Query Injection Vulnerability(;DECLARE%20@) Sql_Injection,123,e34,1,45,61,0.008130081,0.132117321,0.001074125
45,2016-06-01 16:33,10,ISMM-1 SNIPER SQL Query Injection Vulnerability(;DECLARE%20@) Sql_Injection,123,e55,13,37,61,0.105691057,0.217128111,0.0229485
45,2016-06-01 16:33,10,ISMM-1 SNIPER SQL Query Injection Vulnerability(;DECLARE%20@) Sql_Injection,123,e69,5,52,61,0.040650407,0.069326491,0.00281815
45,2016-06-01 16:33,10,ISMM-1 SNIPER SQL Query Injection Vulnerability(;DECLARE%20@) Sql_Injection,123,e74,1,24,61,0.008130081,0.405118593,0.003293647
45,2016-06-01 16:33,10,ISMM-1 SNIPER SQL Query Injection Vulnerability(;DECLARE%20@) Sql_Injection,123,e84,4,35,61,0.032520325,0.241261791,0.007845912
45,2016-06-01 16:33,10,ISMM-1 SNIPER SQL Query Injection Vulnerability(;DECLARE%20@) Sql_Injection,123,e89,10,36,61,0.081300813,0.229027334,0.018620108
45,2016-06-01 16:33,10,ISMM-1 SNIPER SQL Query Injection Vulnerability(;DECLARE%20@) Sql_Injection,123,e90,24,39,61,0.195121951,0.194265228,0.03790541
45,2016-06-01 16:33,10,ISMM-1 SNIPER SQL Query Injection Vulnerability(;DECLARE%20@) Sql_Injection,123,e122,34,47,61,0.276422764,0.113231977,0.031299896
46,2016-06-01 16:49,10,ISMM-1 SNIPER SQL Query Injection Vulnerability(;DECLARE%20@) Sql_Injection,196,e18,27,34,61,0.137755102,0.253850918,0.034969259
46,2016-06-01 16:49,10,ISMM-1 SNIPER SQL Query Injection Vulnerability(;DECLARE%20@) Sql_Injection,196,e32,3,26,61,0.015306122,0.370356487,0.005668722
46,2016-06-01 16:49,10,ISMM-1 SNIPER SQL Query Injection Vulnerability(;DECLARE%20@) Sql_Injection,196,e34,2,45,61,0.010204082,0.132117321,0.001348136
46,2016-06-01 16:49,10,ISMM-1 SNIPER SQL Query Injection Vulnerability(;DECLARE%20@) Sql_Injection,196,e55,26,37,61,0.132653061,0.217128111,0.028802709
46,2016-06-01 16:49,10,ISMM-1 SNIPER SQL Query Injection Vulnerability(;DECLARE%20@) Sql_Injection,196,e65,1,12,61,0.005102041,0.706148589,0.003602799
46,2016-06-01 16:49,10,ISMM-1 SNIPER SQL Query Injection Vulnerability(;DECLARE%20@) Sql_Injection,196,e69,5,52,61,0.025510204,0.069326491,0.001768533
46,2016-06-01 16:49,10,ISMM-1 SNIPER SQL Query Injection Vulnerability(;DECLARE%20@) Sql_Injection,196,e74,2,24,61,0.010204082,0.405118593,0.004133863
46,2016-06-01 16:49,10,ISMM-1 SNIPER SQL Query Injection Vulnerability(;DECLARE%20@) Sql_Injection,196,e84,5,35,61,0.025510204,0.241261791,0.006154638
46,2016-06-01 16:49,10,ISMM-1 SNIPER SQL Query Injection Vulnerability(;DECLARE%20@) Sql_Injection,196,e89,9,36,61,0.045918367,0.229027334,0.010516561
46,2016-06-01 16:49,10,ISMM-1 SNIPER SQL Query Injection Vulnerability(;DECLARE%20@) Sql_Injection,196,e90,46,39,61,0.234693878,0.194265228,0.04559286
46,2016-06-01 16:49,10,ISMM-1 SNIPER SQL Query Injection Vulnerability(;DECLARE%20@) Sql_Injection,196,e92,2,17,61,0.010204082,0.554880914,0.00566205
46,2016-06-01 16:49,10,ISMM-1 SNIPER SQL Query Injection Vulnerability(;DECLARE%20@) Sql_Injection,196,e115,2,10,61,0.010204082,0.785329835,0.00801357
46,2016-06-01 16:49,10,ISMM-1 SNIPER SQL Query Injection Vulnerability(;DECLARE%20@) Sql_Injection,196,e120,2,5,61,0.010204082,1.086359831,0.011085304
46,2016-06-01 16:49,10,ISMM-1 SNIPER SQL Query Injection Vulnerability(;DECLARE%20@) Sql_Injection,196,e122,64,47,61,0.326530612,0.113231977,0.036973707
47,2016-06-01 16:57,10,ISMM-1 SNIPER SQL Query Injection Vulnerability(;DECLARE%20@) Sql_Injection,186,e16,3,3,61,0.016129032,1.30820858,0.021100138
47,2016-06-01 16:57,10,ISMM-1 SNIPER SQL Query Injection Vulnerability(;DECLARE%20@) Sql_Injection,186,e18,29,34,61,0.155913978,0.253850918,0.039578907
47,2016-06-01 16:57,10,ISMM-1 SNIPER SQL Query Injection Vulnerability(;DECLARE%20@) Sql_Injection,186,e32,4,26,61,0.021505376,0.370356487,0.007964656
47,2016-06-01 16:57,10,ISMM-1 SNIPER SQL Query Injection Vulnerability(;DECLARE%20@) Sql_Injection,186,e34,1,45,61,0.005376344,0.132117321,0.000710308
47,2016-06-01 16:57,10,ISMM-1 SNIPER SQL Query Injection Vulnerability(;DECLARE%20@) Sql_Injection,186,e55,18,37,61,0.096774194,0.217128111,0.021012398
47,2016-06-01 16:57,10,ISMM-1 SNIPER SQL Query Injection Vulnerability(;DECLARE%20@) Sql_Injection,186,e65,1,12,61,0.005376344,0.706148589,0.003796498
47,2016-06-01 16:57,10,ISMM-1 SNIPER SQL Query Injection Vulnerability(;DECLARE%20@) Sql_Injection,186,e69,1,52,61,0.005376344,0.069326491,0.000372723
47,2016-06-01 16:57,10,ISMM-1 SNIPER SQL Query Injection Vulnerability(;DECLARE%20@) Sql_Injection,186,e84,5,35,61,0.02688172,0.241261791,0.006485532
47,2016-06-01 16:57,10,ISMM-1 SNIPER SQL Query Injection Vulnerability(;DECLARE%20@) Sql_Injection,186,e89,7,36,61,0.037634409,0.229027334,0.008619308
47,2016-06-01 16:57,10,ISMM-1 SNIPER SQL Query Injection Vulnerability(;DECLARE%20@) Sql_Injection,186,e90,51,39,61,0.274193548,0.194265228,0.053266272
47,2016-06-01 16:57,10,ISMM-1 SNIPER SQL Query Injection Vulnerability(;DECLARE%20@) Sql_Injection,186,e92,2,17,61,0.010752688,0.554880914,0.005966461
47,2016-06-01 16:57,10,ISMM-1 SNIPER SQL Query Injection Vulnerability(;DECLARE%20@) Sql_Injection,186,e115,1,10,61,0.005376344,0.785329835,0.004222203
47,2016-06-01 16:57,10,ISMM-1 SNIPER SQL Query Injection Vulnerability(;DECLARE%20@) Sql_Injection,186,e122,63,47,61,0.338709677,0.113231977,0.038352766
48,2016-06-01 20:21,10,ISMM-1 SNIPER SQL Query Injection Vulnerability(;DECLARE%20@) Sql_Injection,110,e30,8,14,61,0.072727273,0.639201799,0.046487404
48,2016-06-01 20:21,10,ISMM-1 SNIPER SQL Query Injection Vulnerability(;DECLARE%20@) Sql_Injection,110,e32,2,26,61,0.018181818,0.370356487,0.006733754
48,2016-06-01 20:21,10,ISMM-1 SNIPER SQL Query Injection Vulnerability(;DECLARE%20@) Sql_Injection,110,e34,1,45,61,0.009090909,0.132117321,0.001201067
48,2016-06-01 20:21,10,ISMM-1 SNIPER SQL Query Injection Vulnerability(;DECLARE%20@) Sql_Injection,110,e55,18,37,61,0.163636364,0.217128111,0.035530055
48,2016-06-01 20:21,10,ISMM-1 SNIPER SQL Query Injection Vulnerability(;DECLARE%20@) Sql_Injection,110,e69,5,52,61,0.045454545,0.069326491,0.003151204
48,2016-06-01 20:21,10,ISMM-1 SNIPER SQL Query Injection Vulnerability(;DECLARE%20@) Sql_Injection,110,e84,11,35,61,0.1,0.241261791,0.024126179
48,2016-06-01 20:21,10,ISMM-1 SNIPER SQL Query Injection Vulnerability(;DECLARE%20@) Sql_Injection,110,e89,7,36,61,0.063636364,0.229027334,0.014574467
48,2016-06-01 20:21,10,ISMM-1 SNIPER SQL Query Injection Vulnerability(;DECLARE%20@) Sql_Injection,110,e90,23,39,61,0.209090909,0.194265228,0.040619093
48,2016-06-01 20:21,10,ISMM-1 SNIPER SQL Query Injection Vulnerability(;DECLARE%20@) Sql_Injection,110,e105,2,5,61,0.018181818,1.086359831,0.019751997
48,2016-06-01 20:21,10,ISMM-1 SNIPER SQL Query Injection Vulnerability(;DECLARE%20@) Sql_Injection,110,e122,33,47,61,0.3,0.113231977,0.033969593
49,2016-06-01 20:40,10,ISMM-1 SNIPER SQL Query Injection Vulnerability(;DECLARE%20@) Sql_Injection,104,e18,6,34,61,0.057692308,0.253850918,0.014645245
49,2016-06-01 20:40,10,ISMM-1 SNIPER SQL Query Injection Vulnerability(;DECLARE%20@) Sql_Injection,104,e30,7,14,61,0.067307692,0.639201799,0.043023198
49,2016-06-01 20:40,10,ISMM-1 SNIPER SQL Query Injection Vulnerability(;DECLARE%20@) Sql_Injection,104,e32,2,26,61,0.019230769,0.370356487,0.00712224
49,2016-06-01 20:40,10,ISMM-1 SNIPER SQL Query Injection Vulnerability(;DECLARE%20@) Sql_Injection,104,e34,2,45,61,0.019230769,0.132117321,0.002540718
49,2016-06-01 20:40,10,ISMM-1 SNIPER SQL Query Injection Vulnerability(;DECLARE%20@) Sql_Injection,104,e55,20,37,61,0.192307692,0.217128111,0.041755406
49,2016-06-01 20:40,10,ISMM-1 SNIPER SQL Query Injection Vulnerability(;DECLARE%20@) Sql_Injection,104,e69,3,52,61,0.028846154,0.069326491,0.001999803
49,2016-06-01 20:40,10,ISMM-1 SNIPER SQL Query Injection Vulnerability(;DECLARE%20@) Sql_Injection,104,e84,9,35,61,0.086538462,0.241261791,0.020878424
49,2016-06-01 20:40,10,ISMM-1 SNIPER SQL Query Injection Vulnerability(;DECLARE%20@) Sql_Injection,104,e89,5,36,61,0.048076923,0.229027334,0.01101093
49,2016-06-01 20:40,10,ISMM-1 SNIPER SQL Query Injection Vulnerability(;DECLARE%20@) Sql_Injection,104,e90,14,39,61,0.134615385,0.194265228,0.026151088
49,2016-06-01 20:40,10,ISMM-1 SNIPER SQL Query Injection Vulnerability(;DECLARE%20@) Sql_Injection,104,e91,1,5,61,0.009615385,1.086359831,0.010445768
49,2016-06-01 20:40,10,ISMM-1 SNIPER SQL Query Injection Vulnerability(;DECLARE%20@) Sql_Injection,104,e92,1,17,61,0.009615385,0.554880914,0.005335393
49,2016-06-01 20:40,10,ISMM-1 SNIPER SQL Query Injection Vulnerability(;DECLARE%20@) Sql_Injection,104,e122,34,47,61,0.326923077,0.113231977,0.037018146
50,2016-06-03 10:18,10,ISMM-1 SNIPER SQL Query Injection Vulnerability(;DECLARE%20@) Sql_Injection,115,e15,1,3,61,0.008695652,1.30820858,0.011375727
50,2016-06-03 10:18,10,ISMM-1 SNIPER SQL Query Injection Vulnerability(;DECLARE%20@) Sql_Injection,115,e18,10,34,61,0.086956522,0.253850918,0.022073993
50,2016-06-03 10:18,10,ISMM-1 SNIPER SQL Query Injection Vulnerability(;DECLARE%20@) Sql_Injection,115,e29,1,4,61,0.008695652,1.183269844,0.010289303
50,2016-06-03 10:18,10,ISMM-1 SNIPER SQL Query Injection Vulnerability(;DECLARE%20@) Sql_Injection,115,e34,3,45,61,0.026086957,0.132117321,0.003446539
50,2016-06-03 10:18,10,ISMM-1 SNIPER SQL Query Injection Vulnerability(;DECLARE%20@) Sql_Injection,115,e55,8,37,61,0.069565217,0.217128111,0.015104564
50,2016-06-03 10:18,10,ISMM-1 SNIPER SQL Query Injection Vulnerability(;DECLARE%20@) Sql_Injection,115,e69,13,52,61,0.113043478,0.069326491,0.007836908
50,2016-06-03 10:18,10,ISMM-1 SNIPER SQL Query Injection Vulnerability(;DECLARE%20@) Sql_Injection,115,e74,3,24,61,0.026086957,0.405118593,0.010568311
50,2016-06-03 10:18,10,ISMM-1 SNIPER SQL Query Injection Vulnerability(;DECLARE%20@) Sql_Injection,115,e75,2,6,61,0.017391304,1.007178585,0.017516149
50,2016-06-03 10:18,10,ISMM-1 SNIPER SQL Query Injection Vulnerability(;DECLARE%20@) Sql_Injection,115,e84,16,35,61,0.139130435,0.241261791,0.033566858
50,2016-06-03 10:18,10,ISMM-1 SNIPER SQL Query Injection Vulnerability(;DECLARE%20@) Sql_Injection,115,e90,17,39,61,0.147826087,0.194265228,0.028717468
50,2016-06-03 10:18,10,ISMM-1 SNIPER SQL Query Injection Vulnerability(;DECLARE%20@) Sql_Injection,115,e122,41,47,61,0.356521739,0.113231977,0.040369661
51,2016-06-03 12:40,10,ISMM-1 SNIPER SQL Query Injection Vulnerability(;DECLARE%20@) Sql_Injection,199,e15,1,3,61,0.005025126,1.30820858,0.006573912
51,2016-06-03 12:40,10,ISMM-1 SNIPER SQL Query Injection Vulnerability(;DECLARE%20@) Sql_Injection,199,e18,27,34,61,0.135678392,0.253850918,0.034442084
51,2016-06-03 12:40,10,ISMM-1 SNIPER SQL Query Injection Vulnerability(;DECLARE%20@) Sql_Injection,199,e29,1,4,61,0.005025126,1.183269844,0.00594608
51,2016-06-03 12:40,10,ISMM-1 SNIPER SQL Query Injection Vulnerability(;DECLARE%20@) Sql_Injection,199,e30,5,14,61,0.025125628,0.639201799,0.016060347
51,2016-06-03 12:40,10,ISMM-1 SNIPER SQL Query Injection Vulnerability(;DECLARE%20@) Sql_Injection,199,e32,1,26,61,0.005025126,0.370356487,0.001861088
51,2016-06-03 12:40,10,ISMM-1 SNIPER SQL Query Injection Vulnerability(;DECLARE%20@) Sql_Injection,199,e34,2,45,61,0.010050251,0.132117321,0.001327812
51,2016-06-03 12:40,10,ISMM-1 SNIPER SQL Query Injection Vulnerability(;DECLARE%20@) Sql_Injection,199,e54,1,3,61,0.005025126,1.30820858,0.006573912
51,2016-06-03 12:40,10,ISMM-1 SNIPER SQL Query Injection Vulnerability(;DECLARE%20@) Sql_Injection,199,e55,29,37,61,0.145728643,0.217128111,0.031641785
51,2016-06-03 12:40,10,ISMM-1 SNIPER SQL Query Injection Vulnerability(;DECLARE%20@) Sql_Injection,199,e56,8,5,61,0.040201005,1.086359831,0.043672757
51,2016-06-03 12:40,10,ISMM-1 SNIPER SQL Query Injection Vulnerability(;DECLARE%20@) Sql_Injection,199,e69,16,52,61,0.08040201,0.069326491,0.005573989
51,2016-06-03 12:40,10,ISMM-1 SNIPER SQL Query Injection Vulnerability(;DECLARE%20@) Sql_Injection,199,e74,3,24,61,0.015075377,0.405118593,0.006107315
51,2016-06-03 12:40,10,ISMM-1 SNIPER SQL Query Injection Vulnerability(;DECLARE%20@) Sql_Injection,199,e75,9,6,61,0.045226131,1.007178585,0.04555079
51,2016-06-03 12:40,10,ISMM-1 SNIPER SQL Query Injection Vulnerability(;DECLARE%20@) Sql_Injection,199,e84,6,35,61,0.030150754,0.241261791,0.007274225
51,2016-06-03 12:40,10,ISMM-1 SNIPER SQL Query Injection Vulnerability(;DECLARE%20@) Sql_Injection,199,e89,16,36,61,0.08040201,0.229027334,0.018414258
51,2016-06-03 12:40,10,ISMM-1 SNIPER SQL Query Injection Vulnerability(;DECLARE%20@) Sql_Injection,199,e90,8,39,61,0.040201005,0.194265228,0.007809657
51,2016-06-03 12:40,10,ISMM-1 SNIPER SQL Query Injection Vulnerability(;DECLARE%20@) Sql_Injection,199,e91,2,5,61,0.010050251,1.086359831,0.010918189
51,2016-06-03 12:40,10,ISMM-1 SNIPER SQL Query Injection Vulnerability(;DECLARE%20@) Sql_Injection,199,e92,2,17,61,0.010050251,0.554880914,0.005576693
51,2016-06-03 12:40,10,ISMM-1 SNIPER SQL Query Injection Vulnerability(;DECLARE%20@) Sql_Injection,199,e98,3,1,61,0.015075377,1.785329835,0.02691452
51,2016-06-03 12:40,10,ISMM-1 SNIPER SQL Query Injection Vulnerability(;DECLARE%20@) Sql_Injection,199,e115,1,10,61,0.005025126,0.785329835,0.003946381
51,2016-06-03 12:40,10,ISMM-1 SNIPER SQL Query Injection Vulnerability(;DECLARE%20@) Sql_Injection,199,e122,58,47,61,0.291457286,0.113231977,0.033002285
52,2016-06-04 1:52,10,ISMM-1 SNIPER SQL Query Injection Vulnerability(;DECLARE%20@) Sql_Injection,48,e27,1,2,61,0.020833333,1.484299839,0.030922913
52,2016-06-04 1:52,10,ISMM-1 SNIPER SQL Query Injection Vulnerability(;DECLARE%20@) Sql_Injection,48,e34,1,45,61,0.020833333,0.132117321,0.002752444
52,2016-06-04 1:52,10,ISMM-1 SNIPER SQL Query Injection Vulnerability(;DECLARE%20@) Sql_Injection,48,e69,4,52,61,0.083333333,0.069326491,0.005777208
52,2016-06-04 1:52,10,ISMM-1 SNIPER SQL Query Injection Vulnerability(;DECLARE%20@) Sql_Injection,48,e74,1,24,61,0.020833333,0.405118593,0.008439971
52,2016-06-04 1:52,10,ISMM-1 SNIPER SQL Query Injection Vulnerability(;DECLARE%20@) Sql_Injection,48,e84,10,35,61,0.208333333,0.241261791,0.050262873
52,2016-06-04 1:52,10,ISMM-1 SNIPER SQL Query Injection Vulnerability(;DECLARE%20@) Sql_Injection,48,e90,29,39,61,0.604166667,0.194265228,0.117368575
52,2016-06-04 1:52,10,ISMM-1 SNIPER SQL Query Injection Vulnerability(;DECLARE%20@) Sql_Injection,48,e120,2,5,61,0.041666667,1.086359831,0.045264993
53,2016-06-04 14:02,10,ISMM-1 SNIPER SQL Query Injection Vulnerability(;DECLARE%20@) Sql_Injection,69,e18,5,34,61,0.072463768,0.253850918,0.018394994
53,2016-06-04 14:02,10,ISMM-1 SNIPER SQL Query Injection Vulnerability(;DECLARE%20@) Sql_Injection,69,e34,2,45,61,0.028985507,0.132117321,0.003829488
53,2016-06-04 14:02,10,ISMM-1 SNIPER SQL Query Injection Vulnerability(;DECLARE%20@) Sql_Injection,69,e69,10,52,61,0.144927536,0.069326491,0.010047318
53,2016-06-04 14:02,10,ISMM-1 SNIPER SQL Query Injection Vulnerability(;DECLARE%20@) Sql_Injection,69,e84,14,35,61,0.202898551,0.241261791,0.048951668
53,2016-06-04 14:02,10,ISMM-1 SNIPER SQL Query Injection Vulnerability(;DECLARE%20@) Sql_Injection,69,e89,2,36,61,0.028985507,0.229027334,0.006638473
53,2016-06-04 14:02,10,ISMM-1 SNIPER SQL Query Injection Vulnerability(;DECLARE%20@) Sql_Injection,69,e90,29,39,61,0.420289855,0.194265228,0.081647705
53,2016-06-04 14:02,10,ISMM-1 SNIPER SQL Query Injection Vulnerability(;DECLARE%20@) Sql_Injection,69,e105,1,5,61,0.014492754,1.086359831,0.015744345
53,2016-06-04 14:02,10,ISMM-1 SNIPER SQL Query Injection Vulnerability(;DECLARE%20@) Sql_Injection,69,e122,6,47,61,0.086956522,0.113231977,0.009846259
54,2016-06-04 15:43,10,ISMM-1 SNIPER SQL Query Injection Vulnerability(;DECLARE%20@) Sql_Injection,47,e18,1,34,61,0.021276596,0.253850918,0.005401083
54,2016-06-04 15:43,10,ISMM-1 SNIPER SQL Query Injection Vulnerability(;DECLARE%20@) Sql_Injection,47,e32,1,26,61,0.021276596,0.370356487,0.007879925
54,2016-06-04 15:43,10,ISMM-1 SNIPER SQL Query Injection Vulnerability(;DECLARE%20@) Sql_Injection,47,e55,1,37,61,0.021276596,0.217128111,0.004619747
54,2016-06-04 15:43,10,ISMM-1 SNIPER SQL Query Injection Vulnerability(;DECLARE%20@) Sql_Injection,47,e69,1,52,61,0.021276596,0.069326491,0.001475032
54,2016-06-04 15:43,10,ISMM-1 SNIPER SQL Query Injection Vulnerability(;DECLARE%20@) Sql_Injection,47,e84,10,35,61,0.212765957,0.241261791,0.051332296
54,2016-06-04 15:43,10,ISMM-1 SNIPER SQL Query Injection Vulnerability(;DECLARE%20@) Sql_Injection,47,e89,2,36,61,0.042553191,0.229027334,0.009745844
54,2016-06-04 15:43,10,ISMM-1 SNIPER SQL Query Injection Vulnerability(;DECLARE%20@) Sql_Injection,47,e90,17,39,61,0.361702128,0.194265228,0.070266146
54,2016-06-04 15:43,10,ISMM-1 SNIPER SQL Query Injection Vulnerability(;DECLARE%20@) Sql_Injection,47,e92,5,17,61,0.106382979,0.554880914,0.059029884
54,2016-06-04 15:43,10,ISMM-1 SNIPER SQL Query Injection Vulnerability(;DECLARE%20@) Sql_Injection,47,e122,9,47,61,0.191489362,0.113231977,0.021682719
55,2016-06-05 0:15,10,ISMM-1 SNIPER SQL Query Injection Vulnerability(;DECLARE%20@) Sql_Injection,2,e90,2,39,61,1,0.194265228,0.194265228
56,2016-06-06 12:15,10,ISMM-1 SNIPER SQL Query Injection Vulnerability(;DECLARE%20@) Sql_Injection,1,e122,1,47,61,1,0.113231977,0.113231977
57,2016-06-06 12:20,10,ISMM-1 SNIPER SQL Query Injection Vulnerability(;DECLARE%20@) Sql_Injection,44,e30,4,14,61,0.090909091,0.639201799,0.058109254
57,2016-06-06 12:20,10,ISMM-1 SNIPER SQL Query Injection Vulnerability(;DECLARE%20@) Sql_Injection,44,e32,2,26,61,0.045454545,0.370356487,0.016834386
57,2016-06-06 12:20,10,ISMM-1 SNIPER SQL Query Injection Vulnerability(;DECLARE%20@) Sql_Injection,44,e55,1,37,61,0.022727273,0.217128111,0.00493473
57,2016-06-06 12:20,10,ISMM-1 SNIPER SQL Query Injection Vulnerability(;DECLARE%20@) Sql_Injection,44,e69,5,52,61,0.113636364,0.069326491,0.00787801
57,2016-06-06 12:20,10,ISMM-1 SNIPER SQL Query Injection Vulnerability(;DECLARE%20@) Sql_Injection,44,e74,1,24,61,0.022727273,0.405118593,0.009207241
57,2016-06-06 12:20,10,ISMM-1 SNIPER SQL Query Injection Vulnerability(;DECLARE%20@) Sql_Injection,44,e81,1,3,61,0.022727273,1.30820858,0.029732013
57,2016-06-06 12:20,10,ISMM-1 SNIPER SQL Query Injection Vulnerability(;DECLARE%20@) Sql_Injection,44,e84,2,35,61,0.045454545,0.241261791,0.010966445
57,2016-06-06 12:20,10,ISMM-1 SNIPER SQL Query Injection Vulnerability(;DECLARE%20@) Sql_Injection,44,e89,3,36,61,0.068181818,0.229027334,0.0156155
57,2016-06-06 12:20,10,ISMM-1 SNIPER SQL Query Injection Vulnerability(;DECLARE%20@) Sql_Injection,44,e90,12,39,61,0.272727273,0.194265228,0.052981426
57,2016-06-06 12:20,10,ISMM-1 SNIPER SQL Query Injection Vulnerability(;DECLARE%20@) Sql_Injection,44,e122,13,47,61,0.295454545,0.113231977,0.033454902
58,2016-06-06 14:45,10,ISMM-1 SNIPER SQL Query Injection Vulnerability(;DECLARE%20@) Sql_Injection,30,e18,1,34,61,0.033333333,0.253850918,0.008461697
58,2016-06-06 14:45,10,ISMM-1 SNIPER SQL Query Injection Vulnerability(;DECLARE%20@) Sql_Injection,30,e34,1,45,61,0.033333333,0.132117321,0.004403911
58,2016-06-06 14:45,10,ISMM-1 SNIPER SQL Query Injection Vulnerability(;DECLARE%20@) Sql_Injection,30,e55,1,37,61,0.033333333,0.217128111,0.007237604
58,2016-06-06 14:45,10,ISMM-1 SNIPER SQL Query Injection Vulnerability(;DECLARE%20@) Sql_Injection,30,e69,2,52,61,0.066666667,0.069326491,0.004621766
58,2016-06-06 14:45,10,ISMM-1 SNIPER SQL Query Injection Vulnerability(;DECLARE%20@) Sql_Injection,30,e89,4,36,61,0.133333333,0.229027334,0.030536978
58,2016-06-06 14:45,10,ISMM-1 SNIPER SQL Query Injection Vulnerability(;DECLARE%20@) Sql_Injection,30,e90,4,39,61,0.133333333,0.194265228,0.02590203
58,2016-06-06 14:45,10,ISMM-1 SNIPER SQL Query Injection Vulnerability(;DECLARE%20@) Sql_Injection,30,e122,17,47,61,0.566666667,0.113231977,0.064164787
59,2016-06-10 14:26,10,ISMM-1 SNIPER SQL Query Injection Vulnerability(;DECLARE%20@) Sql_Injection,233,e2,1,8,61,0.004291845,0.882239848,0.003786437
59,2016-06-10 14:26,10,ISMM-1 SNIPER SQL Query Injection Vulnerability(;DECLARE%20@) Sql_Injection,233,e11,2,2,61,0.008583691,1.484299839,0.012740771
59,2016-06-10 14:26,10,ISMM-1 SNIPER SQL Query Injection Vulnerability(;DECLARE%20@) Sql_Injection,233,e18,42,34,61,0.180257511,0.253850918,0.045758535
59,2016-06-10 14:26,10,ISMM-1 SNIPER SQL Query Injection Vulnerability(;DECLARE%20@) Sql_Injection,233,e26,6,9,61,0.025751073,0.831087326,0.02140139
59,2016-06-10 14:26,10,ISMM-1 SNIPER SQL Query Injection Vulnerability(;DECLARE%20@) Sql_Injection,233,e28,2,8,61,0.008583691,0.882239848,0.007572874
59,2016-06-10 14:26,10,ISMM-1 SNIPER SQL Query Injection Vulnerability(;DECLARE%20@) Sql_Injection,233,e29,1,4,61,0.004291845,1.183269844,0.005078411
59,2016-06-10 14:26,10,ISMM-1 SNIPER SQL Query Injection Vulnerability(;DECLARE%20@) Sql_Injection,233,e32,3,26,61,0.012875536,0.370356487,0.004768538
59,2016-06-10 14:26,10,ISMM-1 SNIPER SQL Query Injection Vulnerability(;DECLARE%20@) Sql_Injection,233,e34,1,45,61,0.004291845,0.132117321,0.000567027
59,2016-06-10 14:26,10,ISMM-1 SNIPER SQL Query Injection Vulnerability(;DECLARE%20@) Sql_Injection,233,e55,22,37,61,0.094420601,0.217128111,0.020501367
59,2016-06-10 14:26,10,ISMM-1 SNIPER SQL Query Injection Vulnerability(;DECLARE%20@) Sql_Injection,233,e65,10,12,61,0.042918455,0.706148589,0.030306806
59,2016-06-10 14:26,10,ISMM-1 SNIPER SQL Query Injection Vulnerability(;DECLARE%20@) Sql_Injection,233,e69,14,52,61,0.060085837,0.069326491,0.00416554
59,2016-06-10 14:26,10,ISMM-1 SNIPER SQL Query Injection Vulnerability(;DECLARE%20@) Sql_Injection,233,e74,1,24,61,0.004291845,0.405118593,0.001738706
59,2016-06-10 14:26,10,ISMM-1 SNIPER SQL Query Injection Vulnerability(;DECLARE%20@) Sql_Injection,233,e84,7,35,61,0.030042918,0.241261791,0.007248208
59,2016-06-10 14:26,10,ISMM-1 SNIPER SQL Query Injection Vulnerability(;DECLARE%20@) Sql_Injection,233,e89,18,36,61,0.077253219,0.229027334,0.017693099
59,2016-06-10 14:26,10,ISMM-1 SNIPER SQL Query Injection Vulnerability(;DECLARE%20@) Sql_Injection,233,e90,27,39,61,0.115879828,0.194265228,0.022511421
59,2016-06-10 14:26,10,ISMM-1 SNIPER SQL Query Injection Vulnerability(;DECLARE%20@) Sql_Injection,233,e92,1,17,61,0.004291845,0.554880914,0.002381463
59,2016-06-10 14:26,10,ISMM-1 SNIPER SQL Query Injection Vulnerability(;DECLARE%20@) Sql_Injection,233,e93,3,6,61,0.012875536,1.007178585,0.012967965
59,2016-06-10 14:26,10,ISMM-1 SNIPER SQL Query Injection Vulnerability(;DECLARE%20@) Sql_Injection,233,e115,1,10,61,0.004291845,0.785329835,0.003370514
59,2016-06-10 14:26,10,ISMM-1 SNIPER SQL Query Injection Vulnerability(;DECLARE%20@) Sql_Injection,233,e118,5,3,61,0.021459227,1.30820858,0.028073145
59,2016-06-10 14:26,10,ISMM-1 SNIPER SQL Query Injection Vulnerability(;DECLARE%20@) Sql_Injection,233,e122,66,47,61,0.283261803,0.113231977,0.032074294
60,2016-06-10 17:37,10,ISMM-1 SNIPER SQL Query Injection Vulnerability(;DECLARE%20@) Sql_Injection,88,e18,30,34,61,0.340909091,0.253850918,0.086540086
60,2016-06-10 17:37,10,ISMM-1 SNIPER SQL Query Injection Vulnerability(;DECLARE%20@) Sql_Injection,88,e55,5,37,61,0.056818182,0.217128111,0.012336824
60,2016-06-10 17:37,10,ISMM-1 SNIPER SQL Query Injection Vulnerability(;DECLARE%20@) Sql_Injection,88,e69,3,52,61,0.034090909,0.069326491,0.002363403
60,2016-06-10 17:37,10,ISMM-1 SNIPER SQL Query Injection Vulnerability(;DECLARE%20@) Sql_Injection,88,e74,2,24,61,0.022727273,0.405118593,0.009207241
60,2016-06-10 17:37,10,ISMM-1 SNIPER SQL Query Injection Vulnerability(;DECLARE%20@) Sql_Injection,88,e75,3,6,61,0.034090909,1.007178585,0.034335634
60,2016-06-10 17:37,10,ISMM-1 SNIPER SQL Query Injection Vulnerability(;DECLARE%20@) Sql_Injection,88,e84,1,35,61,0.011363636,0.241261791,0.002741611
60,2016-06-10 17:37,10,ISMM-1 SNIPER SQL Query Injection Vulnerability(;DECLARE%20@) Sql_Injection,88,e89,4,36,61,0.045454545,0.229027334,0.010410333
60,2016-06-10 17:37,10,ISMM-1 SNIPER SQL Query Injection Vulnerability(;DECLARE%20@) Sql_Injection,88,e90,19,39,61,0.215909091,0.194265228,0.041943629
60,2016-06-10 17:37,10,ISMM-1 SNIPER SQL Query Injection Vulnerability(;DECLARE%20@) Sql_Injection,88,e122,21,47,61,0.238636364,0.113231977,0.027021267
